main_speaker,views,city,country,continent,Funny,Courageous,Confusing,Beautiful,Unconvincing,Longwinded,Informative,Inspiring,Fascinating,Ingenious,Persuasive,Jaw-dropping,Obnoxious,OK
Al Gore,3200520,Washington D.C,United States,Americas,544,139,62,58,258,113,443,413,132,56,268,116,131,203
Majora Carter,1697550,New York,United States,Americas,59,760,32,291,36,53,380,1070,132,105,460,230,35,85
Tony Robbins,20685401,Los Angeles,United States,Americas,1102,721,301,706,377,285,1038,5211,1350,397,2423,669,335,441
Julia Sweeney,3769987,Spokane,United States,Americas,2484,477,72,277,225,193,226,438,316,320,311,61,290,308
Dan Dennett,2567958,Boston,United States,Americas,60,562,70,145,283,177,623,441,313,211,764,60,83,154
Rick Warren,3095993,San Jose,United States,Americas,26,476,111,767,838,306,304,2556,459,116,1543,209,371,245
Jehane Noujaim,387877,Washington D.C,United States,Americas,5,96,7,70,14,16,33,201,41,20,42,20,1,26
Larry Brilliant,693341,Detroit,United States,Americas,3,86,2,16,5,9,188,240,83,57,111,70,5,11
Jeff Han,4531020,Detroit,United States,Americas,104,34,19,277,32,55,461,471,919,1014,77,4643,23,188
Nicholas Negroponte,358304,New York,United States,Americas,14,83,6,32,31,20,104,216,67,89,49,29,11,30
Jennifer Lin,1628912,Houston,United States,Americas,24,85,22,1107,53,35,32,552,454,197,22,1997,31,68
Jimmy Wales,1106561,Huntsville,United States,Americas,19,63,13,104,14,46,478,277,181,170,73,54,11,68
Eve Ensler,1131864,New York,United States,Americas,109,654,13,342,27,31,154,789,144,44,97,97,43,26
Steven Levitt,2863214,Boston,United States,Americas,485,93,7,12,19,35,532,43,404,175,109,61,17,44
Dan Gilbert,14689301,Detroit,United States,Americas,1728,248,241,444,174,169,3899,3554,4303,1166,2355,1047,67,439
Barry Schwartz,10000702,Philadelphia,United States,Americas,1526,400,54,277,324,178,2532,2427,2491,1201,2478,521,115,421
Ben Saunders,745231,Fort Lauderdale,United States,Americas,80,274,1,44,18,10,44,288,124,7,22,74,7,20
Edward Burtynsky,975107,St. Catharines,Canada,Americas,8,52,11,106,10,58,184,158,149,20,64,95,10,27
Michael Shermer,5364639,Los Angeles,United States,Americas,2751,109,51,136,151,37,1344,373,799,509,1958,133,157,237
Ray Kurzweil,2434344,New York,United States,Americas,18,61,91,55,111,150,806,388,691,207,237,309,27,141
Rives,1813665,Los Angeles,United States,Americas,949,44,45,408,56,41,21,195,186,377,25,94,73,135
Dean Ornish,2299265,Dallas,United States,Americas,54,31,28,8,61,8,749,151,85,31,331,62,14,133
Robert Neuwirth,673036,Akron,United States,Americas,3,45,36,18,97,70,265,105,130,21,73,32,47,62
Wade Davis,2532851,West Vancouver,Canada,Americas,68,192,24,563,54,55,698,970,928,136,426,380,46,75
Robert Wright,1090180,Charleston,United States,Americas,342,140,55,30,107,102,251,343,167,121,288,23,40,129
Anna Deavere Smith,978825,Baltimore,United States,Americas,149,179,31,186,7,14,67,208,224,151,36,146,39,37
Neil Gershenfeld,691814,Lower Merion Township,United States,Americas,11,9,55,26,12,21,111,188,172,156,42,105,9,10
E.O. Wilson,1335732,Birmingham,United States,Americas,44,74,20,168,17,71,353,403,229,60,178,79,5,46
James Nachtwey,1262674,City of Syracuse,United States,Americas,3,637,15,126,24,27,234,574,198,25,171,296,13,24
James Watson,1520908,Chicago,United States,Americas,306,39,34,101,184,54,360,230,298,106,29,54,47,66
Al Seckel,2138907,New York,United States,Americas,319,2,80,109,102,123,173,62,367,221,32,93,35,284
Alex Steffen,1392010,Oakland,United States,Americas,12,78,15,100,30,31,313,518,158,97,174,72,14,59
Thom Mayne,660909,Waterbury,United States,Americas,7,11,69,24,60,61,59,91,53,42,2,15,18,44
Vik Muniz,1149090,São Paulo,Brazil,Americas,507,27,10,364,16,21,46,362,402,448,20,162,9,44
Craig Venter,560904,Salt Lake City,United States,Americas,3,21,23,12,3,8,199,73,163,54,23,74,0,10
Golan Levin,606311,New York,United States,Americas,13,7,53,95,80,89,21,43,65,56,0,16,57,89
Jill Sobule,591379,Denver,United States,Americas,259,16,8,84,16,6,11,25,10,45,16,5,28,70
Dan Dennett,2676717,Boston,United States,Americas,219,27,101,67,264,197,680,204,653,189,182,89,45,289
Jeff Bezos,754700,Albuquerque,United States,Americas,130,14,24,18,41,83,267,166,93,66,68,16,16,66
Rives,643078,Los Angeles,United States,Americas,169,11,8,225,5,7,4,124,117,189,8,133,11,17
Natalie MacMaster,717002,Timmins,Canada,Americas,23,6,10,364,22,29,1,102,67,12,12,54,23,80
Stew,577502,Los Angeles,United States,Americas,275,57,32,61,38,33,26,52,36,88,16,23,29,101
James Howard Kunstler,1683456,New York,United States,Americas,1006,446,29,52,113,106,686,801,342,191,1678,124,193,87
David Kelley,779873,Waterville,United States,Americas,43,10,7,50,29,25,113,144,84,73,13,11,7,50
Stewart Brand,940913,Rockford,United States,Americas,10,30,159,24,261,10,189,53,58,25,49,15,44,115
Blaise Agüera y Arcas,4772595,Providence,United States,Americas,70,60,76,632,41,40,647,857,1623,1736,95,14728,21,119
John Doerr,805111,St. Louis,United States,Americas,4,174,19,42,72,33,234,378,57,19,207,49,27,39
Robert Thurman,1493606,New York,United States,Americas,330,71,73,424,50,47,185,947,209,57,171,39,26,90
Thomas Barnett,1136037,Richmond,United States,Americas,384,194,44,16,88,31,479,149,319,293,535,160,87,17
Ethel,384641,San Francisco,United States,Americas,3,6,10,216,24,14,0,54,48,8,8,19,10,57
Dan Dennett,1596067,Boston,United States,Americas,93,181,107,67,146,167,854,488,763,327,1707,143,62,222
Jonathan Harris,1049727,New York,United States,Americas,50,31,54,360,95,125,232,416,642,558,28,1157,48,135
Emily Oster,854967,New Haven,United States,Americas,7,38,50,15,94,34,386,40,103,86,144,40,18,83
Will Wright,1107307,Atlanta,United States,Americas,91,37,21,238,51,70,218,459,596,628,95,1285,18,90
Rives,3387765,Los Angeles,United States,Americas,2460,43,82,169,151,78,81,92,431,891,76,103,65,238
Jeff Skoll,727247,Montreal,Canada,Americas,40,75,7,52,31,42,137,412,91,37,83,19,25,64
Erin McKean,1013063,Charlotte,United States,Americas,965,45,31,195,51,83,557,343,518,243,206,41,40,104
Steven Pinker,1914263,Montreal,Canada,Americas,100,13,206,46,91,352,956,148,476,175,150,29,24,193
Steven Pinker,2063367,Montreal,Canada,Americas,39,176,42,48,242,116,1314,491,731,147,1739,109,94,161
John Maeda,1215947,Seattle,United States,Americas,643,27,145,183,168,190,184,403,269,185,45,22,50,155
Paul MacCready,736290,New Haven,United States,Americas,111,18,13,31,12,70,111,148,140,165,13,34,3,31
Carolyn Porco,2627709,New York,United States,Americas,47,65,15,1224,25,61,880,1166,1768,73,78,4971,24,108
Kenichi Ebina,1720579,Hazle Township,United States,Americas,307,41,67,414,200,73,9,125,562,229,13,1153,110,533
Sherwin Nuland,1522858,New York,United States,Americas,95,1417,16,308,39,54,453,1286,466,37,128,121,28,44
Lawrence Lessig,1895259,Rapid City,United States,Americas,254,423,35,91,76,76,1014,1074,589,344,2163,157,41,89
Larry Brilliant,418234,Detroit,United States,Americas,2,56,19,28,104,94,171,207,57,14,48,28,9,44
Robert Full,707524,City of Troy,United States,Americas,51,9,4,78,7,13,262,228,513,310,26,116,14,21
Murray Gell-Mann,1181696,New York,United States,Americas,296,42,55,372,53,57,509,297,483,120,115,50,13,114
Amory Lovins,832668,Washington D.C,United States,Americas,40,63,38,10,67,45,620,333,221,254,375,123,17,46
Daniel Goleman,1604402,Stockton,United States,Americas,38,111,39,233,59,67,515,830,246,48,255,30,12,140
Isabel Allende,3741423,Lima Metropolitan Area,Peru,Americas,1302,1696,28,1148,82,58,447,3528,916,292,899,426,63,140
J.J. Abrams,3519656,New York,United States,Americas,1512,92,84,177,84,150,453,1454,907,406,140,185,80,252
Frank Gehry,959382,Old Toronto,Canada,Americas,100,14,30,49,45,161,90,127,68,23,8,12,36,139
Bill Strickland,611092,Pittsburgh,United States,Americas,22,158,10,280,11,46,42,670,122,63,108,153,19,18
Jaime Lerner,596961,Curitiba,Brazil,Americas,140,82,24,85,9,17,189,438,167,123,186,39,4,53
Howard Rheingold,931001,Phoenix,United States,Americas,73,32,30,33,30,46,308,363,182,93,244,45,10,102
Alan Kay,777609,Springfield,United States,Americas,20,30,63,30,45,93,231,238,175,117,117,45,17,130
Craig Venter,1004893,Salt Lake City,United States,Americas,9,71,33,33,14,34,402,239,583,292,73,680,14,30
Nicholas Negroponte,974087,New York,United States,Americas,24,19,12,14,4,51,131,101,177,86,26,77,7,30
Jill Bolte Taylor,21190883,Louisville,United States,Americas,966,7842,289,9437,550,398,5430,16918,14447,1228,1704,10464,356,636
Frank Gehry,620806,Old Toronto,Canada,Americas,40,9,11,19,7,76,32,41,31,16,10,10,9,35
Dave Eggers,1357888,Boston,United States,Americas,480,223,11,209,8,24,133,1398,241,452,301,215,8,28
Clifford Stoll,2283491,Buffalo,United States,Americas,1243,92,278,228,86,126,177,773,645,432,65,362,195,119
David Hoffman,311741,San Antonio,United States,Americas,8,5,5,32,7,0,124,41,77,6,10,8,10,44
Al Gore,1751426,Washington D.C,United States,Americas,58,653,74,68,288,120,1055,1435,340,87,1175,534,210,137
Amy Tan,2477746,New York,United States,Americas,560,157,204,416,148,273,304,752,444,172,106,59,43,298
Brian Greene,4119616,Los Angeles,United States,Americas,58,88,79,349,96,41,2050,753,2551,582,440,747,27,116
Hector Ruiz,315244,Piedras Negras,Mexico,Americas,10,49,9,36,23,66,93,202,37,19,91,8,2,78
Robert Ballard,1281570,Wichita,United States,Americas,39,70,5,118,4,7,366,623,704,70,332,557,20,25
Arthur Ganson,672113,Hartford,United States,Americas,119,27,5,489,7,13,35,320,370,383,8,140,12,42
Nathan Myhrvold,437132,Seattle,United States,Americas,273,23,10,22,27,31,81,170,157,45,9,23,116,70
Wade Davis,984223,West Vancouver,Canada,Americas,2,101,43,256,61,90,315,448,512,25,142,153,43,51
Murray Gell-Mann,785293,New York,United States,Americas,18,6,11,13,65,12,104,30,78,18,28,7,12,131
Dean Ornish,1384333,Dallas,United States,Americas,65,20,11,13,22,2,571,257,225,39,248,44,1,81
Robert Full,799797,City of Troy,United States,Americas,82,4,9,49,4,11,255,221,495,276,47,265,3,28
Steven Levitt,749952,Boston,United States,Americas,11,112,23,7,80,57,307,16,86,66,208,27,24,64
Nicholas Negroponte,398643,New York,United States,Americas,3,50,4,21,10,11,89,171,55,28,80,19,7,25
Nellie McKay,680591,New York,United States,Americas,370,19,14,134,27,5,1,20,32,51,3,12,26,104
Peter Diamandis,497899,New York,United States,Americas,68,121,0,216,11,0,18,264,77,12,13,45,2,40
David Hoffman,920941,San Antonio,United States,Americas,6,224,91,65,112,39,36,250,36,15,29,23,53,205
Clay Shirky,1097533,Columbia,United States,Americas,22,43,27,20,20,31,514,249,373,136,355,88,5,47
Nellie McKay,1013879,New York,United States,Americas,476,60,7,383,7,8,3,79,53,95,20,54,26,48
Billy Graham,1532675,Charlotte,United States,Americas,71,470,25,420,356,122,163,1090,294,56,411,148,158,109
AJ Jacobs,2291701,New York,United States,Americas,936,345,52,50,150,105,376,422,531,250,130,45,116,219
Martin Seligman,4190393,City of Albany,United States,Americas,75,89,34,173,60,96,1094,1244,708,166,609,120,24,202
Jonathan Harris,855052,New York,United States,Americas,21,47,8,321,21,24,55,336,260,146,9,55,15,39
Patricia Burchat,1410164,Unorganized North Cochrane,Canada,Americas,14,18,26,73,19,22,951,182,927,104,139,165,10,66
Spencer Wells,665947,Marietta,United States,Americas,10,18,20,38,26,20,468,150,480,82,99,94,18,36
Nellie McKay,679711,New York,United States,Americas,255,27,4,315,10,5,6,103,48,56,14,23,36,83
Peter Diamandis,504508,New York,United States,Americas,0,75,0,15,29,14,70,216,105,73,125,26,15,26
Irwin Redlener,657688,New York,United States,Americas,18,42,8,3,65,32,393,23,99,10,135,99,22,59
Brewster Kahle,445781,New York,United States,Americas,2,71,10,9,25,39,197,179,102,73,60,26,10,43
Carmen Agra Deedy,672797,Havana,Cuba,Americas,481,31,24,273,26,61,8,130,90,63,15,35,71,84
Jonathan Haidt,2724208,New York,United States,Americas,274,493,70,169,315,89,1788,1451,1579,399,1666,233,218,199
Eve Ensler,1074170,New York,United States,Americas,11,293,18,123,50,49,100,431,101,30,151,54,27,40
Marvin Minsky,513090,New York,United States,Americas,105,24,111,5,89,62,63,33,71,54,17,10,27,55
Philip Zimbardo,5842377,New York,United States,Americas,50,738,52,136,51,85,1288,1599,1296,217,904,785,52,128
Steven Pinker,1044038,Montreal,Canada,Americas,86,146,21,20,52,42,467,116,344,66,284,34,21,84
Noah Feldman,385647,Boston,United States,Americas,0,72,79,13,268,117,140,59,46,23,118,8,92,122
James Nachtwey,421212,City of Syracuse,United States,Americas,0,62,0,21,6,5,102,78,16,7,73,88,0,13
Doris Kearns Goodwin,522550,New York,United States,Americas,168,25,3,317,9,24,239,481,249,30,37,38,6,33
Garrett Lisi,1491698,Los Angeles,United States,Americas,68,96,376,597,52,85,381,321,879,295,90,297,21,103
Virginia Postrel,379382,Greenville,United States,Americas,28,8,27,39,62,88,171,31,86,23,52,7,69,98
Dean Ornish,1110781,Dallas,United States,Americas,76,27,13,46,23,14,587,423,167,36,425,46,0,49
Paul MacCready,197139,New Haven,United States,Americas,6,5,0,19,2,19,52,54,58,47,26,17,0,29
Jared Diamond,1636425,Boston,United States,Americas,17,79,32,28,104,164,729,231,299,83,503,54,40,143
Rives,1594241,Los Angeles,United States,Americas,630,11,98,211,56,23,32,86,132,258,10,36,47,194
James Forbes,204410,(Old) Ottawa,Canada,Americas,6,2,3,47,6,15,12,73,5,3,15,1,12,13
Robert Thurman,304800,New York,United States,Americas,18,14,9,60,11,20,23,148,27,6,35,8,12,26
Robert Wright,236002,Charleston,United States,Americas,8,15,13,8,20,32,88,57,42,11,64,4,7,27
James Surowiecki,429084,Meriden,United States,Americas,2,13,2,4,10,21,138,48,65,17,72,5,1,54
Lee Smolin,258922,New York,United States,Americas,10,12,40,6,65,42,92,42,73,32,68,10,9,61
Stewart Brand,242975,Rockford,United States,Americas,3,16,19,57,22,88,45,84,69,35,11,17,11,22
Isaac Mizrahi,900005,New York,United States,Americas,325,26,95,78,60,103,44,125,74,39,6,9,97,140
George Smoot,1630525,Jacksonville,United States,Americas,13,14,112,325,39,98,486,178,663,129,65,364,19,126
Bill Joy,487378,Shreveport,United States,Americas,1,32,18,2,45,71,139,56,62,20,54,10,15,42
Dan Barber,1294705,New York,United States,Americas,183,51,3,278,31,43,360,534,479,96,273,116,32,33
Gregory Petsko,909508,Washington D.C,United States,Americas,43,24,1,1,14,0,607,61,130,23,271,81,10,83
Richard Preston,644637,City of Ogdensburg,United States,Americas,13,33,1,341,5,21,337,225,510,10,52,229,4,41
Philip Rosedale,554794,San Diego,United States,Americas,9,15,31,10,95,116,164,74,152,54,51,25,44,114
Jay Walker,482996,Los Angeles,United States,Americas,29,6,10,56,17,5,128,107,159,51,29,52,13,71
Dan Gilbert,3707266,Detroit,United States,Americas,441,53,44,61,53,86,1402,541,1396,338,887,215,29,132
Steven Strogatz,642201,Torrington,United States,Americas,58,0,8,83,28,25,239,45,313,52,53,61,9,65
Nicholas Negroponte,363202,New York,United States,Americas,5,67,3,75,12,0,53,246,57,47,37,27,5,15
Jennifer 8. Lee,1285775,New York,United States,Americas,648,5,10,26,9,33,598,24,354,121,44,38,22,62
Kary Mullis,532759,Kinston,United States,Americas,125,98,27,8,53,57,109,89,87,25,66,22,38,40
John Maeda,241858,Seattle,United States,Americas,18,8,33,8,30,57,16,42,17,15,1,0,29,56
Paul Sereno,764982,Aurora,United States,Americas,7,29,10,20,7,19,125,121,115,15,24,17,9,27
Scott McCloud,1022333,Boston,United States,Americas,245,14,58,78,42,59,218,224,325,217,57,36,10,85
Paula Scher,505714,Washington D.C,United States,Americas,54,42,3,50,9,12,68,263,80,39,50,12,6,31
Barry Schuler,389420,Jersey City,United States,Americas,26,9,2,10,26,17,168,61,140,37,46,34,16,33
Sherwin Nuland,326663,New York,United States,Americas,2,19,12,56,31,62,42,144,21,7,41,6,25,60
Aimee Mullins,1013266,Allentown,United States,Americas,95,249,3,131,2,14,61,365,101,18,19,84,12,23
Natalie MacMaster,1065681,Timmins,Canada,Americas,40,8,3,227,4,7,6,112,82,8,4,114,6,14
Bill Gates,2634359,Seattle,United States,Americas,160,187,31,60,90,69,735,895,240,91,633,104,65,216
Elizabeth Gilbert,13155478,Waterbury,United States,Americas,1754,2239,138,4027,546,351,738,8130,2093,1329,1206,870,182,553
Milton Glaser,382985,New York,United States,Americas,48,12,3,34,18,34,27,77,58,35,8,4,11,27
David Merrill,1765153,City of Albany,United States,Americas,43,24,12,95,50,9,187,372,552,824,54,403,8,111
Barry Schwartz,3303825,Philadelphia,United States,Americas,48,658,38,376,118,98,706,3420,639,356,1859,257,48,190
José Antonio Abreu,942604,Valera,Venezuela,Americas,7,146,7,220,10,20,34,655,159,49,119,79,0,18
Sylvia Earle,1139732,Greenwich Township,United States,Americas,22,157,13,262,15,18,369,785,246,29,464,216,12,26
Ed Ulbrich,907147,Austin,United States,Americas,16,25,4,58,3,16,185,87,388,328,18,463,3,31
Richard Pyle,352252,Kailua,United States,Americas,28,37,3,53,3,8,103,75,112,11,2,52,6,22
Brenda Laurel,382517,Columbus,United States,Americas,20,30,21,12,99,75,99,62,54,16,34,2,64,90
Eric Lewis,697257,Camden,United States,Americas,3,73,46,214,89,42,4,128,135,86,9,250,119,49
Aimee Mullins,3472415,Allentown,United States,Americas,135,673,13,927,39,35,182,1497,560,199,164,349,40,102
Stuart Brown,1625469,Chicago,United States,Americas,52,38,14,73,21,42,375,374,376,83,261,63,7,92
Dan Dennett,2373021,Boston,United States,Americas,595,23,91,50,144,44,588,102,336,194,240,24,42,289
Dan Ariely,2725557,New York,United States,Americas,307,253,15,113,27,27,1502,796,1722,644,1101,235,11,90
Adam Savage,1697809,New York,United States,Americas,601,28,19,97,19,50,85,380,457,181,33,110,24,68
Bruce McCall,396905,Oro-Medonte,Canada,Americas,196,7,9,77,18,23,20,53,63,78,0,5,22,91
Nathan Wolfe,1045631,Detroit,United States,Americas,11,128,9,12,11,9,370,133,282,73,171,76,10,41
C.K. Williams,246094,Newark,United States,Americas,5,5,4,77,7,27,4,39,13,5,3,12,5,10
Nathaniel Kahn,338831,Philadelphia,United States,Americas,3,34,0,103,8,12,21,98,44,7,12,8,5,27
Bonnie Bassler,2192828,Chicago,United States,Americas,169,55,18,291,18,34,1690,924,2710,802,397,1071,36,85
Emily Levine,2049904,Nashville-Davidson,United States,Americas,1132,87,77,95,63,115,82,216,216,306,64,33,91,145
Nate Silver,427878,East Lansing,United States,Americas,5,35,25,2,132,19,244,23,82,19,116,3,60,76
Ben Katchor,294396,New York,United States,Americas,38,3,21,28,15,64,10,12,18,13,1,4,20,33
Laurie Garrett,425429,Los Angeles,United States,Americas,1,21,18,0,35,31,267,7,63,3,94,69,26,36
Mae Jemison,744257,Decatur,United States,Americas,14,42,10,55,67,68,107,243,83,34,126,18,17,86
Tom Shannon,1069653,Minneapolis,United States,Americas,0,5,15,187,61,63,18,123,139,149,3,71,16,75
Al Gore,775430,Washington D.C,United States,Americas,5,73,15,10,123,26,302,166,40,17,263,76,43,64
Eric Lewis,391427,Camden,United States,Americas,7,18,25,107,27,11,1,39,54,35,5,54,84,32
Dan Ariely,4934167,New York,United States,Americas,2031,97,28,139,27,44,2309,1069,2851,1194,1448,555,14,149
Carolyn Porco,884578,New York,United States,Americas,4,12,5,45,19,4,276,99,499,11,39,44,6,65
Jay Walker,4289903,Los Angeles,United States,Americas,87,45,48,103,354,43,595,268,355,26,249,150,96,369
Michelle Obama,1026589,Chicago,United States,Americas,13,114,12,132,128,105,47,541,54,13,142,25,56,128
Kaki King,1054415,Atlanta,United States,Americas,26,30,10,561,30,32,0,238,245,146,7,399,23,55
Ray Kurzweil,908923,New York,United States,Americas,13,20,34,16,72,40,338,205,213,71,123,58,11,89
Robert Full,665959,City of Troy,United States,Americas,61,0,5,95,7,4,231,166,567,268,55,265,3,20
Clay Shirky,1677738,Columbia,United States,Americas,25,40,17,15,31,37,798,355,425,79,476,81,13,124
Diane Benscoter,1076279,New York,United States,Americas,10,364,93,12,452,65,300,136,129,13,138,47,52,269
Philip Zimbardo,1580239,New York,United States,Americas,22,37,81,33,87,26,634,493,336,142,389,47,19,188
Tom Wujec,1022457,Winnipeg,Canada,Americas,5,5,76,25,150,41,430,115,138,92,97,18,10,205
Kary Mullis,624544,Kinston,United States,Americas,121,38,18,22,15,2,154,118,244,510,68,219,7,31
Stewart Brand,646378,Rockford,United States,Americas,7,154,53,5,273,40,511,113,212,43,328,64,56,72
Golan Levin,771144,New York,United States,Americas,253,10,20,84,32,22,63,137,223,210,12,40,14,75
Paul Romer,572392,South Gate,United States,Americas,3,86,18,5,199,40,202,282,131,182,300,42,34,49
Cary Fowler,679728,Memphis,United States,Americas,17,54,5,48,30,31,336,227,185,72,235,45,11,74
Jonathan Zittrain,717483,Pittsburgh,United States,Americas,364,30,9,64,22,16,237,434,251,68,156,40,12,47
Taryn Simon,1581054,New York,United States,Americas,17,363,35,213,74,154,598,341,821,189,284,275,73,202
David Logan,1404586,Chicago,United States,Americas,52,48,38,30,128,59,396,597,333,115,341,64,45,134
Julian Treasure,1557795,San Francisco,United States,Americas,100,12,19,94,13,5,911,251,544,114,394,50,18,117
Edward Burtynsky,480142,St. Catharines,Canada,Americas,0,34,19,69,32,7,155,88,68,15,119,50,7,97
Tom Wujec,569026,Winnipeg,Canada,Americas,6,8,24,105,24,19,316,124,270,77,26,13,14,97
Scott Kim,517779,Boulder,United States,Americas,38,0,19,17,52,32,130,49,118,102,16,22,16,103
Alexis Ohanian,2066733,New York,United States,Americas,705,47,13,51,47,17,325,322,221,168,250,33,21,105
Charles Anderson,553253,St. Louis,United States,Americas,16,2,3,69,4,26,294,55,323,63,16,58,0,27
Michael Sandel,393459,Minneapolis,United States,Americas,58,38,12,39,19,31,205,126,291,56,132,32,9,83
Cat Laine,154698,New York,United States,Americas,11,33,15,21,22,51,123,126,40,56,62,19,23,50
Dan Buettner,3157446,Saint Paul,United States,Americas,43,47,13,128,53,27,1181,1136,861,54,671,122,18,132
Romulus Whitaker,397719,New York,United States,Americas,5,40,6,56,7,14,114,111,72,7,67,19,5,38
Herbie Hancock,652315,Chicago,United States,Americas,16,14,5,145,11,16,8,84,68,51,5,80,8,20
Randy Pausch,564781,Baltimore,United States,Americas,200,299,5,264,7,15,80,892,107,41,88,172,10,41
Robert Sapolsky,572845,New York,United States,Americas,342,37,7,92,11,14,532,445,564,134,161,135,9,40
Edwidge Danticat,50443,Port-au-Prince,Haiti,Americas,7,10,4,25,1,18,31,20,5,3,2,10,4,14
Charles Fleischer,1055904,Washington D.C,United States,Americas,782,20,80,24,47,55,41,24,86,174,11,40,91,78
David Blaine,15601385,New York,United States,Americas,236,738,17,111,43,38,147,722,913,75,61,897,52,97
Anthony Atala,1705132,Vargas Guerra,Peru,Americas,9,36,5,34,6,5,310,264,504,358,57,473,6,33
Taylor Mali,676741,New York,United States,Americas,351,219,11,253,25,18,91,825,75,120,202,140,49,39
Eve Ensler,1224278,New York,United States,Americas,44,549,24,434,71,32,111,870,160,66,192,152,111,31
Blaise Agüera y Arcas,1718568,Providence,United States,Americas,90,31,16,123,28,8,244,303,591,459,52,849,12,103
Aimee Mullins,2054164,Allentown,United States,Americas,15,562,10,513,56,85,158,1125,165,47,249,145,29,94
Bill Gates,4329332,Seattle,United States,Americas,38,224,61,39,181,80,962,795,367,263,728,141,78,221
Philip K. Howard,610454,Atlanta,United States,Americas,17,269,14,17,54,17,263,443,107,101,758,120,19,37
Eric Topol,710710,New York,United States,Americas,2,12,5,14,16,12,250,139,228,113,80,87,7,33
Temple Grandin,4375111,Boston,United States,Americas,141,843,39,312,31,45,1432,2290,1357,302,542,341,27,99
Bobby McFerrin,3302312,New York,United States,Americas,1342,35,8,1194,14,12,299,777,1573,911,163,796,14,73
Richard Feynman,521974,New York,United States,Americas,130,12,5,163,6,14,324,306,362,134,46,50,6,42
Dan Barber,1974007,New York,United States,Americas,562,118,7,191,52,34,746,1227,681,275,694,324,16,47
Jane McGonigal,4573252,Philadelphia,United States,Americas,481,547,93,185,453,112,774,2421,1541,1137,1139,511,118,221
Sam Harris,3433437,Los Angeles,United States,Americas,100,1246,128,157,612,149,923,1316,1029,557,2090,348,259,215
Alan Siegel,876649,Chicago,United States,Americas,9,104,2,15,10,5,312,224,79,227,476,19,3,84
Joel Levine,622046,New York,United States,Americas,17,44,3,21,23,14,265,222,318,133,145,107,14,27
Adora Svitak,4782854,Springfield,United States,Americas,649,826,77,478,119,146,276,2141,778,406,782,825,143,302
Dennis Hong,1922563,Los Angeles,United States,Americas,107,40,13,53,30,49,378,522,508,552,69,236,46,128
Natalie Merchant,860139,Jamestown,United States,Americas,16,42,9,875,6,10,39,388,191,143,16,163,25,33
Thelma Golden,524790,New York,United States,Americas,1,36,21,63,53,64,102,125,49,16,29,9,26,77
Eric Whitacre,399280,Reno,United States,Americas,37,19,2,519,16,12,8,293,198,199,18,275,9,40
James Randi,2611707,Old Toronto,Canada,Americas,1071,328,27,44,225,188,757,357,389,224,999,121,194,195
Tom Wujec,3917039,Winnipeg,Canada,Americas,360,30,19,62,17,16,587,617,447,299,336,61,4,116
Nicholas Christakis,1324929,New Haven,United States,Americas,36,41,52,61,123,86,762,555,758,224,413,102,23,207
Nathan Myhrvold,851719,Seattle,United States,Americas,121,14,5,20,32,10,120,138,362,682,60,428,15,24
Dan Meyer,2465179,Hamilton,Canada,Americas,263,151,17,78,50,19,856,1327,432,633,1224,104,16,76
Julia Sweeney,3362099,Spokane,United States,Americas,4025,218,14,245,45,23,135,161,147,247,36,115,71,251
Richard Sears,603657,Boston,United States,Americas,25,36,60,10,350,39,324,183,143,87,155,23,46,176
Craig Venter,1086357,Salt Lake City,United States,Americas,4,46,54,30,28,98,240,180,355,251,28,538,11,41
Seth Berkley,541076,New York,United States,Americas,0,14,7,7,48,34,264,69,140,96,56,50,21,41
Lawrence Lessig,389961,Rapid City,United States,Americas,50,48,40,5,66,41,133,61,31,36,172,9,47,30
"Christopher ""moot"" Poole""",1451649,New York,United States,Americas,455,240,34,39,89,14,283,161,369,150,88,81,37,135
Michael Sandel,1160672,Minneapolis,United States,Americas,69,89,29,60,44,28,287,439,263,145,519,30,11,91
Michael Shermer,2428958,Los Angeles,United States,Americas,475,27,38,31,127,60,818,116,522,139,429,84,98,140
Chip Conley,2785058,Santa Ana,United States,Americas,43,206,24,326,109,78,477,2201,446,203,742,103,55,184
Clay Shirky,954924,Columbia,United States,Americas,20,24,14,24,30,15,411,444,245,105,358,28,14,114
Carl Safina,594725,New York,United States,Americas,3,335,10,44,68,58,336,252,78,12,394,177,35,69
Sheena Iyengar,3087856,Old Toronto,Canada,Americas,523,232,29,364,70,116,1437,1112,1391,279,701,184,74,130
Jeff Bezos,659664,Albuquerque,United States,Americas,46,151,12,307,81,138,95,1011,89,42,231,47,28,189
Laurie Santos,1236817,New Bedford,United States,Americas,268,44,26,46,93,90,821,325,855,404,415,173,36,144
Sheryl WuDunn,1049847,New York,United States,Americas,12,170,25,76,51,32,344,606,83,16,364,79,29,57
Diane J. Savino,292395,New York,United States,Americas,98,502,14,241,88,22,140,694,46,59,777,95,43,100
Jeremy Rifkin,544047,Denver,United States,Americas,132,80,39,282,64,23,637,926,579,342,516,267,21,75
Rachel Sussman,1424250,New York,United States,Americas,14,32,6,382,36,85,578,279,722,51,53,185,22,126
Ben Cameron,497710,Indianapolis,United States,Americas,8,79,14,41,27,26,74,295,66,19,172,37,21,40
Nicholas Christakis,568761,New Haven,United States,Americas,5,7,19,8,32,39,307,99,230,172,124,43,10,47
Mitchell Besser,235221,Memphis,United States,Americas,0,24,1,19,1,4,35,83,16,22,25,11,2,36
Julian Treasure,1147609,San Francisco,United States,Americas,26,37,21,127,204,14,688,363,262,49,374,24,28,191
Melinda Gates,1189754,Dallas,United States,Americas,13,69,20,53,59,45,383,504,164,75,379,46,48,86
Joel Burns,278672,Fort Worth,United States,Americas,18,1254,11,491,8,7,88,944,47,16,137,163,9,26
Dianna Cohen,688861,Los Angeles,United States,Americas,10,77,15,16,40,11,316,187,38,9,248,47,51,98
Miwa Matreyek,829399,Olympia,United States,Americas,8,14,22,679,26,48,6,250,344,214,14,205,14,72
Denis Dutton,2012387,Los Angeles,United States,Americas,137,23,32,614,178,71,594,334,758,244,367,125,20,149
William Ury,1828181,Chicago,United States,Americas,30,313,27,357,172,69,333,1744,369,285,776,102,14,127
Sheryl Sandberg,7431179,Washington D.C,United States,Americas,171,1149,51,447,129,52,1084,3817,466,128,1360,236,86,228
Majora Carter,702793,New York,United States,Americas,10,59,6,47,7,21,107,303,46,43,114,21,3,28
Brené Brown,31168150,San Antonio,United States,Americas,5225,8280,155,7942,233,283,4561,21444,4638,1094,3510,2100,113,500
Barry Schwartz,948622,Philadelphia,United States,Americas,9,175,9,70,95,96,383,805,186,84,583,35,18,99
Neil Pasricha,2859644,Oshawa,Canada,Americas,861,569,17,1285,58,102,143,4019,596,156,556,217,37,184
Amber Case,1475333,Portland,United States,Americas,143,41,40,125,107,39,461,324,563,222,189,72,23,256
Naomi Klein,900395,Montreal,Canada,Americas,13,310,14,32,95,58,461,412,90,29,611,155,80,60
Charity Tillemann-Dick,521502,Denver,United States,Americas,9,312,7,223,11,43,23,480,73,5,24,195,37,30
Van Jones,462012,Jackson,United States,Americas,77,73,46,42,163,88,244,340,46,33,246,22,87,114
Liza Donnelly,1300622,Washington D.C,United States,Americas,766,100,18,101,71,15,66,462,64,99,110,14,11,177
Ariel Garten,399314,Old Toronto,Canada,Americas,1,18,25,23,156,106,95,94,144,60,28,31,44,84
Bruce Feiler,465856,Savannah,United States,Americas,26,114,12,112,7,38,10,278,25,9,32,16,9,32
Cynthia Breazeal,1064574,Albuquerque,United States,Americas,48,18,14,51,112,53,264,287,366,196,115,73,35,123
Elizabeth Lindsey,439180,Waipahu,United States,Americas,12,46,16,173,58,38,36,178,50,11,36,13,71,45
Danny Hillis,420269,Baltimore,United States,Americas,11,24,5,5,15,18,161,84,143,150,107,41,4,39
Ahn Trio,746852,Dallas,United States,Americas,8,18,12,466,19,13,3,156,111,21,6,80,15,43
Bill Gates,1866264,Seattle,United States,Americas,9,125,61,15,108,53,690,124,64,28,385,69,31,207
Anthony Atala,2783715,Vargas Guerra,Peru,Americas,6,111,10,91,14,9,396,544,635,457,49,873,17,38
Courtney E. Martin,953671,Colorado Springs,United States,Americas,73,173,19,183,95,64,82,514,70,18,118,21,125,113
Deb Roy,2475423,Winnipeg,Canada,Americas,31,49,68,391,83,96,583,588,1330,832,85,970,29,110
David Brooks,1132752,Old Toronto,Canada,Americas,390,93,28,209,83,70,417,708,427,124,347,93,36,98
Sarah Kay,10529854,New York,United States,Americas,612,1266,77,4430,76,116,118,4986,1220,498,348,1567,107,174
Isabel Behncke,710619,Santiago,Chile,Americas,279,44,20,145,117,34,253,203,199,41,84,22,51,157
Paul Root Wolpe,1226731,Charleston,United States,Americas,19,94,37,19,104,37,663,118,690,64,232,926,95,47
Claron McFadden,400082,New York,United States,Americas,21,15,36,139,23,11,13,71,107,28,5,47,39,46
Patricia Ryan ,1624741,New York,United States,Americas,149,214,13,275,183,29,400,1087,278,111,532,59,26,140
Eric Whitacre,3421371,Reno,United States,Americas,8,131,5,1921,15,13,47,1803,808,818,43,1310,24,35
Stanley McChrystal,2467385,Leavenworth,United States,Americas,36,553,24,87,71,86,295,1443,201,21,404,137,30,200
Morgan Spurlock,2049103,Parkersburg,United States,Americas,939,281,38,33,50,48,283,312,279,465,194,53,37,91
David Christian,7481004,Fort Lauderdale,United States,Americas,48,82,66,526,147,78,1726,1238,2304,345,469,452,47,224
Roger Ebert,1104345,Urbana,United States,Americas,164,443,8,273,4,23,53,614,111,41,15,235,0,18
Sam Richards,1531265,Detroit,United States,Americas,13,1117,53,209,236,129,506,1072,429,167,1161,320,189,129
Bruce Schneier,744089,New York,United States,Americas,18,14,38,8,20,138,443,70,153,52,250,21,11,137
Angela Belcher,862689,San Antonio,United States,Americas,64,25,30,23,9,15,255,243,539,636,102,456,11,16
Mike Matas,1507048,Seattle,United States,Americas,19,8,6,143,112,11,256,214,320,355,45,182,60,132
Suzanne Lee,1218882,Canton,United States,Americas,32,30,5,67,50,6,230,250,330,366,36,82,10,62
Sean Carroll,1549458,Philadelphia,United States,Americas,168,39,71,73,47,48,673,248,1032,173,161,179,7,73
Louie Schwartzberg,1885751,New York,United States,Americas,12,20,21,1626,13,18,172,638,726,84,60,512,16,47
Leonard Susskind,846544,New York,United States,Americas,175,5,12,77,19,78,179,250,183,32,18,7,20,83
Ed Boyden,931567,Plano,United States,Americas,0,28,18,23,7,29,269,155,468,384,37,384,13,30
Terry Moore,6263759,Glendale,United States,Americas,1410,28,21,94,49,22,1108,174,255,558,237,167,54,206
Aaron Koblin,1474192,Santa Monica,United States,Americas,62,23,35,448,36,42,195,570,618,487,35,239,19,78
Bruce Aylward,509375,St. John's,Canada,Americas,3,68,2,26,6,15,140,248,41,10,132,42,1,5
Dennis Hong,703439,Los Angeles,United States,Americas,14,86,5,62,13,6,82,363,187,275,44,166,1,23
Aaron O'Connell,1272198,Dayton,United States,Americas,38,49,144,91,210,41,389,261,1347,468,98,674,32,143
Janet Echelman,1832930,Tampa,United States,Americas,16,160,2,1132,38,41,65,1060,584,532,26,362,46,94
Paul Romer,461382,South Gate,United States,Americas,4,54,26,13,159,24,162,126,107,146,104,30,59,60
Bill Ford,800056,Detroit,United States,Americas,0,48,12,8,151,141,299,196,85,45,186,19,40,129
Jok Church,727487,Akron,United States,Americas,21,196,14,334,52,7,21,324,24,8,27,14,41,90
Emiliano Salinas,525446,Mexico City,Mexico,Americas,7,440,25,52,131,16,57,496,43,19,211,38,96,39
Robert Hammond,704205,Marietta,United States,Americas,5,120,7,6685,29,1,92,491,199,266,50,28,2,48
Nathan Myhrvold,1396197,Seattle,United States,Americas,142,15,34,134,120,121,251,77,238,204,26,35,135,218
Simon Lewis,690977,Newport,United States,Americas,0,150,36,21,36,48,167,284,220,49,30,160,8,21
Nina Tandon,490275,New York,United States,Americas,11,7,14,110,53,13,136,114,126,30,23,19,21,131
Rebecca MacKinnon,735708,Berkeley,United States,Americas,3,158,12,6,36,67,342,186,52,17,323,18,20,68
Nadia Al-Sakkaf,498409,Salta,Argentina,Americas,15,179,0,63,6,7,97,194,35,7,31,8,3,17
Paul Bloom,1948949,Montreal,Canada,Americas,568,19,4,123,15,10,960,426,1125,204,413,127,7,112
Julian Treasure,5402228,San Francisco,United States,Americas,92,164,60,577,132,52,2027,2334,984,229,1219,83,74,532
Mark Pagel,1421357,Seattle,United States,Americas,17,30,38,32,389,107,624,174,440,93,187,48,125,178
Philip Zimbardo,2190746,New York,United States,Americas,708,157,25,31,232,9,837,162,320,89,521,138,87,118
Eve Ensler,1349669,New York,United States,Americas,10,769,122,498,127,119,56,828,158,41,90,246,204,79
Alex Steffen,984738,Oakland,United States,Americas,19,36,8,33,49,13,319,373,148,99,283,30,5,78
Lucianne Walkowicz,1079565,New York,United States,Americas,9,13,14,61,25,7,366,117,202,37,42,19,7,150
Dan Ariely,1055562,New York,United States,Americas,92,52,24,20,61,18,257,132,93,35,190,7,9,222
Julia Bacha,740934,Rio de Janeiro,Brazil,Americas,8,356,14,120,73,14,364,745,84,39,501,60,45,41
Amy Lockwood,834926,(Old) Ottawa,Canada,Americas,70,43,12,12,36,7,274,75,38,51,211,18,16,125
Steve Jobs,8744428,San Francisco,United States,Americas,783,4151,138,3854,201,158,1368,17290,3364,1197,2606,2051,134,863
Alison Gopnik,2901853,Philadelphia,United States,Americas,355,21,19,161,62,67,852,463,949,159,251,68,26,110
Pamela Meyer,16861578,Washington D.C,United States,Americas,321,174,95,140,331,139,3306,866,2076,406,1312,221,63,493
Roger McNamee,287416,City of Albany,United States,Americas,77,34,57,12,332,78,363,191,230,80,248,63,111,99
Alexander Tsiaras,6064898,Nashua,United States,Americas,12,54,16,1115,58,28,475,657,970,192,104,701,63,97
Cynthia Kenyon,847439,Chicago,United States,Americas,5,11,9,15,9,11,252,117,316,79,65,109,2,19
Natalie Warne,569814,Shreveport,United States,Americas,36,477,17,301,17,20,101,1138,110,23,190,130,31,52
Phil Plait,2042272,Washington D.C,United States,Americas,696,35,5,25,24,16,570,170,647,180,220,106,30,74
Amy Purdy,1624184,Las Vegas,United States,Americas,145,1743,14,938,20,33,73,3203,486,84,320,446,30,100
John Bohannon,485285,Houston,United States,Americas,124,98,18,446,88,18,62,398,300,381,190,135,22,24
Sarah Kay,711977,New York,United States,Americas,62,185,27,1228,42,44,25,787,346,92,45,180,47,68
Luis von Ahn,1482664,Guatemala City,Guatemala,Americas,325,40,2,53,8,4,470,957,686,1443,161,420,8,31
Stefon Harris,653303,City of Albany,United States,Americas,8,12,8,229,8,12,61,279,143,70,60,34,3,37
Ramona Pierson,369363,Palo Alto,United States,Americas,27,250,2,79,1,7,24,316,64,6,17,102,1,17
Karen Tse,532416,Cleveland,United States,Americas,8,160,10,41,18,16,74,222,27,4,97,18,5,29
AJ Jacobs,1468930,New York,United States,Americas,549,42,57,15,300,120,231,148,93,80,58,25,106,303
Jane Fonda,2370111,Los Angeles,United States,Americas,54,524,21,563,97,83,590,2355,717,127,695,147,53,191
Clay Shirky,1275141,Columbia,United States,Americas,25,389,16,33,37,21,1430,516,202,72,1210,284,20,38
Sheena Iyengar,2314111,Old Toronto,Canada,Americas,42,40,13,37,20,40,930,227,281,118,390,53,22,123
Diana Nyad,611461,New York,United States,Americas,59,349,2,74,13,14,24,479,93,14,52,112,9,28
Shawn Achor,16209727,Waco,United States,Americas,7315,471,61,1007,82,78,3886,11213,2529,1162,3426,683,61,206
Danny Hillis,581419,Baltimore,United States,Americas,23,4,9,9,14,35,129,78,272,102,71,46,7,33
Mike deGruy,940841,Mobile,United States,Americas,45,44,6,280,7,32,249,564,500,26,212,96,9,45
Neil Burgess,1196436,Boston,United States,Americas,13,5,94,22,13,25,542,64,351,65,40,37,8,103
Inara George,217851,Towson,United States,Americas,8,5,2,38,4,3,0,14,0,6,2,4,7,30
Lucianne Walkowicz,175395,New York,United States,Americas,15,15,2,138,18,20,145,169,109,5,90,17,5,49
Chris Bliss,713999,Washington D.C,United States,Americas,272,10,19,21,46,47,164,164,79,110,184,15,22,74
Peter Diamandis,1363726,New York,United States,Americas,4,113,13,55,129,15,397,1126,409,107,472,199,29,51
Larry Smith,5917201,Charlotte,United States,Americas,1960,1082,159,349,363,273,412,4131,752,471,1640,425,295,537
Adam Savage,877096,New York,United States,Americas,124,35,13,174,20,10,655,1040,545,182,195,105,12,97
Jonathan Haidt,1129577,New York,United States,Americas,5,66,39,131,201,60,257,464,333,77,280,69,76,111
Rob Reid,2598055,New York,United States,Americas,1396,80,31,30,64,9,568,65,157,325,340,137,36,64
Brené Brown,7988894,San Antonio,United States,Americas,951,3269,39,1267,55,73,986,4958,902,577,960,480,23,103
Taylor Wilson,3192405,Texarkana,United States,Americas,50,120,26,45,142,26,94,589,286,365,34,389,209,170
Billy Collins,1140425,New York,United States,Americas,433,7,2,289,7,23,23,246,130,156,9,22,13,60
Jer Thorp,220716,Vancouver,Canada,Americas,28,16,22,100,34,32,190,147,221,108,69,47,9,35
Peter Saul,873230,Baltimore,United States,Americas,48,384,10,118,25,24,342,323,82,23,322,49,9,68
Donald Sadoway,1803069,Old Toronto,Canada,Americas,59,107,11,44,34,26,424,761,514,903,319,320,44,33
Regina Dugan,1618434,New York,United States,Americas,18,135,23,77,55,60,261,738,412,203,141,433,78,53
Ayah Bdeir,1168080,Montreal,Canada,Americas,93,30,5,84,21,6,171,424,266,575,78,61,11,84
Sherry Turkle,4066376,New York,United States,Americas,57,674,49,333,176,154,1307,2095,1115,198,1587,225,79,211
Chip Kidd,1752014,Reading,United States,Americas,933,44,7,212,22,52,263,411,372,300,118,53,88,126
Melinda Gates,1141812,Dallas,United States,Americas,6,231,17,25,76,77,310,243,37,23,389,25,48,54
Abigail Washburn,981351,Evanston,United States,Americas,27,92,4,351,6,16,16,406,85,32,67,65,7,46
Atul Gawande,1654299,New York,United States,Americas,8,162,8,21,28,51,505,631,247,150,525,116,4,58
Drew Curtis,1061687,Lexington,United States,Americas,248,145,5,8,17,7,241,110,47,85,84,22,7,67
Taryn Simon,777180,New York,United States,Americas,7,95,49,57,40,93,110,66,162,41,27,30,19,61
Brian Greene,3327164,Los Angeles,United States,Americas,16,51,73,256,128,58,788,461,1462,227,300,614,82,74
Eduardo Paes,834897,Parauapebas,Brazil,Americas,7,34,13,17,115,13,215,209,105,81,111,19,47,50
Joe Smith,3270359,New York,United States,Americas,1357,58,7,71,105,105,1081,520,178,461,891,82,105,173
Brenda Romero,490092,City of Ogdensburg,United States,Americas,79,112,32,133,53,28,129,332,162,188,93,40,33,73
Amory Lovins,1144360,Washington D.C,United States,Americas,12,45,33,19,111,104,426,325,192,201,403,136,18,57
Tavi Gevinson,1447603,Chicago,United States,Americas,245,327,42,180,56,44,111,507,118,69,101,49,49,144
Michael Tilson Thomas,1281099,Los Angeles,United States,Americas,16,12,7,326,9,37,225,481,339,46,60,49,13,38
Karen Bass,737937,Los Angeles,United States,Americas,1,9,1,424,5,5,53,143,250,15,6,154,1,15
Joshua Foer,4754217,Washington D.C,United States,Americas,286,55,28,164,24,95,1435,1693,1542,343,480,253,24,111
David Kelley,4389731,Waterville,United States,Americas,50,316,13,424,45,35,394,2040,312,87,371,42,6,210
Nathan Wolfe,872641,Detroit,United States,Americas,4,11,4,17,16,9,286,241,304,26,88,64,5,62
Seth Shostak,832407,Arlington,United States,Americas,104,22,11,23,76,85,216,252,215,25,113,42,38,105
Terry Moore,3257749,Glendale,United States,Americas,1132,16,22,136,57,19,1772,115,721,196,104,67,14,162
John Hockenberry,737230,Dayton,United States,Americas,75,148,10,91,6,23,30,343,58,21,41,25,14,33
Sarah Parcak,953825,Bangor,United States,Americas,11,8,1,27,22,3,233,96,223,76,29,20,10,70
LZ Granderson,1466095,Detroit,United States,Americas,380,371,22,230,69,51,144,536,57,47,282,44,52,38
Rodney Mullen,814297,Gainesville,United States,Americas,118,42,9,86,12,14,23,349,129,44,34,56,19,30
E.O. Wilson,1057964,Birmingham,United States,Americas,13,54,13,101,19,53,124,639,111,30,153,19,4,59
Rives,722536,Los Angeles,United States,Americas,317,2,4,84,12,6,183,143,223,111,17,25,5,40
Don Tapscott,1009356,Old Toronto,Canada,Americas,14,60,9,154,28,20,227,667,218,56,222,83,8,53
Elyn Saks,3247799,Miami,United States,Americas,13,1381,13,288,11,25,564,1078,362,31,194,196,5,44
Jane McGonigal,6141140,Philadelphia,United States,Americas,605,709,14,651,225,57,871,3210,1218,860,1233,356,76,119
Matt Mills,2623011,Long Beach,United States,Americas,17,11,2,17,34,5,76,80,235,214,12,235,8,51
James Stavridis,721266,West Palm Beach,United States,Americas,4,44,5,6,86,22,145,177,63,20,131,16,40,40
Tracy Chevalier,1191702,Washington D.C,United States,Americas,45,11,6,223,44,32,64,177,149,41,35,25,19,117
Noah Wilson-Rich,687263,Spokane,United States,Americas,48,11,8,35,25,7,195,175,84,29,131,16,15,35
Lisa Kristine,2586606,San Francisco,United States,Americas,27,983,20,159,24,28,742,863,206,16,508,732,29,32
Robert Neuwirth,754755,Akron,United States,Americas,13,28,9,7,31,4,249,71,118,25,105,23,12,32
Kent Larson,1052980,New York,United States,Americas,12,14,4,28,33,13,229,327,264,1560,143,66,2,45
Scott Fraser,1050633,(Old) Ottawa,Canada,Americas,9,54,21,9,56,22,319,59,235,36,269,74,15,33
Leslie T. Chang,1362071,New York,United States,Americas,19,106,21,74,100,21,433,218,174,26,204,51,41,44
Susan Solomon,832831,Chicago,United States,Americas,3,24,13,20,18,16,175,92,119,66,86,44,12,31
Beth Noveck,516355,Toms River,United States,Americas,3,30,3,17,22,23,94,131,42,40,112,22,8,22
Julian Treasure,1225395,San Francisco,United States,Americas,5,10,3,24,5,5,346,221,157,75,307,35,1,35
Clay Shirky,1245095,Columbia,United States,Americas,83,46,10,13,6,13,302,385,197,185,349,71,4,21
John Maeda,1045703,Seattle,United States,Americas,73,10,22,42,27,24,135,175,112,70,46,9,2,61
Ruby Wax,2352202,Evanston,United States,Americas,907,601,34,89,42,22,357,449,232,94,127,58,83,85
Ryan Merkley,695153,Oakville,Canada,Americas,8,9,4,11,33,2,129,91,88,186,31,35,7,60
David Pizarro,692434,Valparaíso,Chile,Americas,109,17,5,0,10,16,281,17,242,44,89,39,9,27
Jake Wood,485501,Elizabeth,United States,Americas,3,41,0,16,7,1,51,140,14,47,93,6,4,9
Gary Greenberg,1022799,New York,United States,Americas,3,6,2,332,4,12,169,70,330,21,4,57,1,37
David Binder,674288,Los Angeles,United States,Americas,13,7,0,45,11,7,29,96,47,12,17,7,2,28
Louie Schwartzberg,3658158,New York,United States,Americas,27,176,10,4399,27,32,131,3422,1110,192,352,793,45,98
Nina Tandon,1063880,New York,United States,Americas,6,6,13,16,20,11,136,53,128,85,34,30,16,40
Lemon Andersen,1120276,New York,United States,Americas,102,88,10,170,25,13,35,168,104,54,41,73,36,50
Ben Saunders,1778739,Fort Lauderdale,United States,Americas,47,305,5,91,34,12,47,636,172,6,142,23,21,55
Molly Crockett,1200277,Philadelphia,United States,Americas,80,55,14,31,19,25,585,73,144,23,277,13,4,87
Adam Davidson,783528,Los Angeles,United States,Americas,8,18,8,1,48,24,247,59,41,26,168,14,14,27
Karen Thompson Walker,1951290,San Diego,United States,Americas,5,73,29,118,112,95,293,533,299,113,232,29,21,208
Jonathan Haidt,606994,New York,United States,Americas,8,37,4,4,62,17,161,114,42,26,228,16,25,26
Jarrett J. Krosoczka,879676,Worcester,United States,Americas,251,95,0,316,3,8,25,663,107,13,21,26,0,24
Colin Powell,1485801,New York,United States,Americas,149,73,28,80,235,39,154,549,103,18,219,27,184,68
Leslie Morgan Steiner,3846779,Washington D.C,United States,Americas,13,1560,16,140,39,12,766,1055,231,5,335,307,13,57
iO Tillett Wright,2679698,New York,United States,Americas,51,791,8,795,45,28,270,1109,275,116,335,102,22,37
Kid President,828203,New York,United States,Americas,462,93,14,266,26,8,22,771,69,78,102,69,25,49
Cesar Kuriyama,1666552,Lima Metropolitan Area,Peru,Americas,20,41,18,230,52,45,45,729,202,173,96,19,19,78
Miguel Nicolelis,1229865,São Paulo,Brazil,Americas,5,28,9,29,11,12,202,235,412,280,22,260,22,41
Bruce Feiler,1403668,Savannah,United States,Americas,40,34,8,57,34,25,283,595,178,172,226,26,14,41
Jennifer Granholm,745252,Vancouver,Canada,Americas,17,51,8,14,84,20,61,117,17,59,146,10,26,41
Amanda Palmer,9006600,New York,United States,Americas,211,1647,24,1658,81,38,178,3013,762,380,753,261,71,116
Shane Koyczan,5316753,Yellowknife,Canada,Americas,230,1812,4,2376,7,18,92,2854,300,109,197,789,35,42
Dan Pallotta,4259204,Malden,United States,Americas,30,727,31,111,139,43,1221,1784,422,429,2139,487,66,68
Stewart Brand,1939539,Rockford,United States,Americas,2,50,5,58,24,5,251,186,313,121,61,180,8,20
Danny Hillis,1265177,Baltimore,United States,Americas,22,30,17,19,46,50,568,56,131,33,267,36,4,96
Francis Collins,796884,Staunton,United States,Americas,4,12,3,12,17,10,154,94,91,37,75,9,6,18
Eric Whitacre,1005088,Reno,United States,Americas,5,11,5,328,16,11,5,131,122,87,5,105,16,44
Mark Shaw,1539504,New York,United States,Americas,21,7,3,23,13,4,152,53,302,298,66,316,12,47
Lawrence Lessig,1443340,Rapid City,United States,Americas,44,487,14,30,28,12,592,906,158,93,1061,238,15,28
Ken Jennings,1135004,Jersey City,United States,Americas,379,36,3,21,48,43,267,267,181,39,222,15,12,75
Freeman Hrabowski,911601,Birmingham,United States,Americas,9,58,5,43,27,15,150,410,63,25,147,21,18,39
Dan Ariely,5319077,New York,United States,Americas,203,65,16,90,16,26,1534,1363,783,292,825,66,7,172
Thomas Insel,1188149,Dayton,United States,Americas,2,20,17,15,34,27,466,145,235,37,159,25,3,54
Joshua Prager,1341106,New York,United States,Americas,11,560,14,316,19,38,23,748,139,8,38,90,19,37
John McWhorter,2162439,Philadelphia,United States,Americas,405,21,15,45,44,26,660,121,557,157,320,54,15,52
Robert Gordon,1091988,Pittsburgh,United States,Americas,1,19,26,3,185,31,184,40,44,9,79,21,20,39
Michael Stevens,195899,Washington D.C,United States,Americas,124,7,26,26,23,17,214,85,170,69,35,8,21,82
Taylor Wilson,1546610,Texarkana,United States,Americas,15,70,28,43,93,23,204,243,291,462,153,334,53,42
Bill Gates,2206204,Seattle,United States,Americas,5,32,4,55,66,11,326,329,102,44,171,30,45,104
Geoffrey Canada,1786965,New York,United States,Americas,221,162,7,36,9,9,212,540,97,43,388,45,9,54
Andrew Solomon,4032150,New York,United States,Americas,181,937,37,1975,61,58,396,2449,456,133,337,175,45,84
Martin Villeneuve,948840,Trois-Rivières,Canada,Americas,9,71,1,45,17,24,32,287,85,99,25,29,6,38
George Papandreou,741720,Saint Paul,United States,Americas,9,129,14,20,101,29,146,169,63,15,102,9,63,27
Daniel Suarez,1908577,Somerville,United States,Americas,2,34,5,7,28,4,191,37,81,16,195,59,10,9
Peter Attia,2459753,Old Toronto,Canada,Americas,7,1150,18,338,68,37,786,881,480,142,561,332,26,52
Bob Mankoff,1168185,New York,United States,Americas,616,1,7,11,6,22,217,48,123,69,17,11,13,43
Bernie Krause,1022050,Detroit,United States,Americas,12,15,3,300,4,6,203,262,280,36,124,65,4,20
John Searle,1332731,Denver,United States,Americas,52,47,60,38,70,41,270,153,271,73,200,12,26,103
Daniel H. Cohen,1423637,Baton Rouge,United States,Americas,17,11,32,11,60,34,251,150,103,45,208,7,16,162
Kelly McGonigal,14566463,Philadelphia,United States,Americas,438,888,68,697,230,71,5248,4678,3904,510,1994,645,56,347
Alexa Meade,2682427,Washington D.C,United States,Americas,50,63,9,600,28,8,21,356,462,342,13,142,18,66
Jake Barton,780039,New York,United States,Americas,2,17,4,145,4,5,49,125,80,54,6,10,6,18
Sonia Shah,1118305,New York,United States,Americas,4,17,2,7,20,12,240,55,43,18,142,8,0,30
Marla Spivak,2436104,Denver,United States,Americas,27,83,10,225,13,19,1128,589,553,29,719,144,21,54
Benjamin Barber,719821,New York,United States,Americas,4,32,9,6,98,45,81,153,58,68,157,20,19,35
Elizabeth Loftus,3338820,Los Angeles,United States,Americas,32,382,24,34,46,58,1369,273,1199,99,552,289,46,145
James Flynn,2991225,Washington D.C,United States,Americas,54,37,12,55,33,60,660,199,470,118,273,59,13,64
Amy Webb,6298610,Chicago,United States,Americas,1717,224,16,153,80,43,549,760,580,814,248,73,94,104
Michael Sandel,1684720,Minneapolis,United States,Americas,9,127,13,89,59,20,277,441,166,57,482,42,3,33
Janette Sadik-Khan,925046,San Francisco,United States,Americas,49,41,2,40,11,4,207,289,148,172,182,26,0,17
Andrew Fitzgerald,1000495,Baltimore,United States,Americas,17,4,6,7,37,19,104,54,74,47,22,7,12,52
Steve Howard,1041748,Boston,United States,Americas,3,44,0,14,17,7,184,283,41,21,231,10,14,32
Parul Sehgal,2158038,Alexandria,United States,Americas,301,63,27,265,73,48,157,204,328,116,109,26,21,109
Holly Morris,1108528,Chicago,United States,Americas,3,85,7,71,28,10,157,121,151,5,40,28,17,39
Jane McGonigal,1154880,Philadelphia,United States,Americas,398,17,6,41,22,6,23,96,82,77,19,7,21,66
Peter Doolittle,2030203,Dayton,United States,Americas,229,10,13,41,35,29,566,195,225,64,155,10,1,127
Jared Diamond,923663,Boston,United States,Americas,5,25,4,16,24,76,225,97,68,19,100,5,16,52
Suzana Herculano-Houzel,2454860,Rio de Janeiro,Brazil,Americas,96,40,37,115,107,56,1404,274,1362,370,476,270,25,85
Sally Kohn,1822907,Allentown,United States,Americas,180,338,21,249,69,5,151,773,75,55,442,12,27,116
David Lang,1225960,Los Angeles,United States,Americas,13,18,2,18,10,3,64,152,77,145,16,18,3,58
Enrique Peñalosa,871452,Washington D.C,United States,Americas,8,83,5,37,58,11,202,396,135,162,302,30,14,31
Andrew Solomon,7265611,New York,United States,Americas,142,3178,34,1710,30,112,2227,4031,1253,171,442,282,30,145
Krista Donaldson,954702,Halifax,Canada,Americas,1,20,4,29,1,2,95,164,53,108,20,19,8,28
Diana Nyad,4548115,New York,United States,Americas,206,949,10,224,19,50,46,1947,371,16,218,377,22,70
Mick Cornett,1514912,Oklahoma City,United States,Americas,113,54,1,5,5,22,144,311,70,72,106,16,9,27
Sandra Aamodt,4102503,San Francisco,United States,Americas,65,168,42,128,206,53,1838,1026,352,70,835,48,30,215
Mark Kendall,1004872,Minneapolis,United States,Americas,6,17,1,28,1,11,257,211,356,453,101,154,4,23
Sheryl Sandberg,2133100,Washington D.C,United States,Americas,15,179,8,31,34,22,92,453,38,12,124,12,23,30
Guy Hoffman,2931366,(Old) Ottawa,Canada,Americas,239,24,4,123,21,10,113,327,630,388,65,150,1,44
Maya Penn,1458485,Atlanta,United States,Americas,34,79,7,179,29,9,41,551,157,68,34,74,29,42
Esta Soler,1034678,Bridgeport,United States,Americas,0,240,1,38,11,4,110,240,41,6,88,14,9,30
Teddy Cruz,691538,Guatemala City,Guatemala,Americas,8,21,15,13,51,25,93,94,53,33,27,4,18,60
Christopher Soghoian,822505,San Francisco,United States,Americas,10,122,5,10,14,4,570,40,85,11,152,87,7,54
Gabe Barcia-Colombo,795097,Los Angeles,United States,Americas,29,6,50,19,108,9,40,15,54,33,2,10,31,148
Anne-Marie Slaughter,1424893,Charlottesville,United States,Americas,15,299,20,221,105,33,208,660,87,31,298,14,24,127
Carin Bondar,2379244,New Westminster,Canada,Americas,609,35,18,51,24,23,562,40,397,45,17,36,30,142
Edward Snowden,4040280,Elizabeth City,United States,Americas,33,1844,21,80,59,30,1361,1208,285,75,446,199,31,65
Chris Hadfield,4790701,Sarnia,Canada,Americas,185,804,13,754,19,38,489,2714,1176,57,184,301,5,137
Larry Page,2293465,East Lansing,United States,Americas,24,87,24,46,39,47,684,677,415,89,69,34,17,187
Bran Ferren,1028312,New York,United States,Americas,27,31,9,106,40,64,254,437,260,97,90,32,11,75
Hugh Herr,7520736,East Lampeter Township,United States,Americas,35,705,14,1909,12,11,775,2836,1597,1105,129,789,10,121
TED staff,741146,Palo Alto,United States,Americas,179,15,47,28,38,26,8,28,12,23,13,3,29,53
Allan Adams,1736329,Bogota,Colombia,Americas,28,40,88,276,141,16,516,212,801,66,42,160,17,188
Bill and Melinda Gates,3130752,Seattle,United States,Americas,42,138,7,251,12,18,380,955,375,45,173,54,42,64
Lawrence Lessig,1095806,Rapid City,United States,Americas,6,191,4,95,42,23,106,532,31,32,253,11,10,66
Amanda Burden,1061964,New York,United States,Americas,19,113,10,275,5,31,372,750,243,57,151,5,18,130
Louie Schwartzberg,7015800,New York,United States,Americas,20,52,9,2341,35,30,977,1139,2591,201,31,704,15,97
David Brooks,2306549,Old Toronto,Canada,Americas,9,121,59,356,183,50,169,829,383,49,201,20,35,311
Elizabeth Gilbert,3643938,Waterbury,United States,Americas,165,616,11,893,60,47,251,2957,311,77,408,35,17,232
David Epstein,2824676,New York,United States,Americas,116,61,3,44,35,24,1435,403,1387,217,293,211,17,109
Mellody Hobson,2200326,Chicago,United States,Americas,32,1084,17,379,26,25,479,1285,137,39,475,20,22,66
Stanley McChrystal,991694,Leavenworth,United States,Americas,13,105,16,9,29,3,190,129,69,15,124,4,6,50
Randall Munroe,2558702,Easton,United States,Americas,1129,16,47,169,26,42,505,156,419,430,14,60,20,172
Rives,1827375,Los Angeles,United States,Americas,548,29,16,701,39,24,50,283,482,196,16,169,17,112
Andrew Solomon,4801456,New York,United States,Americas,174,1546,35,2023,53,85,221,2677,296,84,178,111,38,115
Chris Kluwe,1194762,Philadelphia,United States,Americas,22,11,20,23,131,25,223,101,99,36,68,11,86,112
Stephen Friend,959404,Stamford,United States,Americas,12,24,5,13,8,14,174,97,85,80,46,8,3,16
Sting,1934877,Omaha,United States,Americas,38,145,7,688,13,18,112,867,262,33,24,25,16,67
Ray Kurzweil,1971157,New York,United States,Americas,24,23,36,31,63,27,475,222,399,151,58,180,10,119
Dan Gilbert,3399887,Detroit,United States,Americas,259,44,58,149,45,26,1415,825,1017,200,555,45,16,329
Robert Full,1229640,City of Troy,United States,Americas,74,7,2,82,2,4,171,96,264,150,23,41,6,29
Yoruba Richen,698636,New York,United States,Americas,3,67,15,65,9,11,149,212,58,11,62,2,9,34
AJ Jacobs,1107747,New York,United States,Americas,230,4,11,34,13,8,136,87,216,47,25,10,6,49
Billy Collins,1545239,New York,United States,Americas,360,6,28,220,37,15,25,80,60,98,7,5,36,137
Naomi Oreskes,1091065,New York,United States,Americas,58,56,11,38,59,36,429,143,101,44,258,5,20,100
Julian Treasure,21594632,San Francisco,United States,Americas,810,270,49,735,153,48,5167,4133,1801,697,2678,152,43,650
Paul Bloom,1073549,Montreal,Canada,Americas,35,58,36,42,41,35,317,165,170,23,221,16,12,79
George Takei,2235902,Los Angeles,United States,Americas,27,605,11,254,25,20,359,872,175,20,134,54,11,40
Nicholas Negroponte,1877673,New York,United States,Americas,36,42,31,23,23,43,347,495,333,111,86,70,25,67
Janet Iwasa,837568,Bloomington,United States,Americas,18,8,1,43,0,0,209,111,168,105,24,13,0,38
Talithia Williams,1345444,Columbus,United States,Americas,346,30,10,27,24,26,479,190,101,69,257,17,18,59
Nick Hanauer,1623637,New York,United States,Americas,8,772,14,65,90,43,820,718,307,194,1043,128,45,65
Eric Liu,1798578,Edmonton,Canada,Americas,15,64,33,57,63,99,302,647,136,137,355,20,28,88
Clint Smith,3804535,New Orleans,United States,Americas,27,1355,45,1544,58,31,231,3182,367,149,592,197,48,195
Jarrett J. Krosoczka,1260362,Worcester,United States,Americas,205,27,10,454,13,6,57,504,84,57,78,11,24,44
Sally Kohn,1198332,Allentown,United States,Americas,143,101,2,38,25,6,317,271,46,93,400,4,13,140
Jim Holt,2890269,New York,United States,Americas,311,52,136,77,301,109,232,208,438,123,77,42,72,170
Isabel Allende,3247638,Lima Metropolitan Area,Peru,Americas,639,401,12,697,74,21,79,1154,295,131,108,14,14,175
Zak Ebrahim,4619628,Pittsburgh,United States,Americas,20,2274,36,1366,44,14,251,2770,456,17,414,167,29,109
Uldus Bakhtiozina,1464877,Saint Petersburg,United States,Americas,310,119,26,262,74,18,49,181,60,64,21,3,24,100
Glenn Greenwald,1942778,New York,United States,Americas,36,1076,37,111,62,49,1424,770,395,78,1169,75,29,198
Jorge Soto,1213251,Municipio Puerto Villarroel,Bolivia,Americas,18,69,6,61,6,1,522,850,473,626,86,282,2,48
Joy Sun,1218131,New York,United States,Americas,16,34,5,46,43,7,297,236,73,67,168,5,7,83
Alejandro Aravena,1652993,Santiago,Chile,Americas,15,58,16,83,5,6,274,691,188,418,122,55,0,46
Ethan Nadelmann,1593079,New York,United States,Americas,40,422,19,40,98,32,812,476,647,80,832,36,40,80
Mark Plotkin,1454878,Naperville,United States,Americas,11,160,10,147,18,9,647,524,550,20,187,38,20,26
Ben Saunders,1051196,Fort Lauderdale,United States,Americas,21,177,3,104,5,11,33,233,135,5,3,44,4,29
Mundano,966645,São Paulo,Brazil,Americas,65,128,0,146,16,4,114,244,99,103,27,13,1,54
Erin McKean,1545629,Charlotte,United States,Americas,578,20,9,78,27,10,225,295,150,107,70,12,11,102
Michael Rubinstein,1948196,New York,United States,Americas,195,17,8,128,3,15,366,605,890,986,18,922,4,60
Robert Swan,972816,Chicago,United States,Americas,16,103,8,102,18,18,80,236,69,2,64,40,12,22
Robert Muggah,906025,Old Toronto,Canada,Americas,26,80,10,45,20,8,184,227,185,231,135,169,2,41
Miguel Nicolelis,1304427,São Paulo,Brazil,Americas,15,48,8,127,17,54,251,479,484,190,21,241,9,32
Bruce Aylward,859214,St. John's,Canada,Americas,3,22,3,8,8,12,176,61,23,4,44,5,3,16
Tom Wujec,2482234,Winnipeg,Canada,Americas,169,18,10,33,42,31,722,490,397,421,241,36,2,140
Ricardo Semler,2610440,São Paulo,Brazil,Americas,311,579,31,195,18,19,252,2776,1002,729,358,181,4,59
Nadine Burke Harris,3104326,Vancouver,Canada,Americas,13,498,21,181,25,20,2557,1343,865,317,908,681,12,47
James A. White Sr.,1237938,Houston,United States,Americas,22,388,4,149,12,8,169,655,51,7,154,39,6,43
Ilona Szabó de Carvalho,1135382,New Fribourg,Brazil,Americas,4,141,10,50,54,9,160,204,31,32,78,6,16,21
David Eagleman,1738331,Albuquerque,United States,Americas,47,38,16,85,18,6,509,586,1266,982,66,752,15,67
Monica Lewinsky,11443190,San Francisco,United States,Americas,143,8668,62,1600,180,151,2356,5126,584,190,1919,311,202,284
Dave Isay,1839891,New Haven,United States,Americas,26,262,13,967,5,16,154,1158,203,202,130,59,11,49
Theaster Gates,1024661,Chicago,United States,Americas,11,117,4,194,2,13,198,563,112,108,64,17,0,24
Bill Gates,2239259,Seattle,United States,Americas,34,87,9,66,33,17,894,357,72,32,376,46,11,131
Bel Pesce,4728000,São Paulo,Brazil,Americas,678,293,46,992,127,48,546,3322,439,158,595,27,40,521
Dan Ariely,1703367,New York,United States,Americas,16,19,39,16,61,13,699,113,199,47,248,52,8,176
Paul Tudor Jones II,1762082,Memphis,United States,Americas,3,255,20,31,106,8,369,363,97,42,341,35,32,120
Chris Milk,1492275,New York,United States,Americas,36,47,8,176,23,6,140,415,273,101,62,27,1,87
Clint Smith,1908266,New Orleans,United States,Americas,17,771,17,694,34,17,314,947,352,46,222,137,28,66
Dawn Landes,1160841,Louisville,United States,Americas,13,153,0,233,6,3,32,255,276,7,22,29,1,80
Martine Rothblatt,1304737,Chicago,United States,Americas,4,97,15,96,14,15,62,238,244,31,5,145,9,10
Jeffrey Brown,1049652,Boston,United States,Americas,19,226,1,124,12,26,198,697,86,26,284,21,0,46
Sara Seager,1365646,Old Toronto,Canada,Americas,11,28,11,72,16,26,409,179,302,66,30,21,10,52
Jimmy Nelson,1339843,Chicago,United States,Americas,77,38,10,415,8,43,67,382,302,37,9,35,9,33
Tony Fadell,2006050,Detroit,United States,Americas,98,38,15,178,34,62,444,597,181,93,139,12,8,146
Donald Hoffman,2471075,San Antonio,United States,Americas,94,53,112,75,81,65,510,322,952,173,188,198,18,77
Steve Silberman,1476377,City of Ithaca,United States,Americas,7,67,10,264,75,33,981,289,299,37,313,22,16,78
Roxane Gay,1453205,Omaha,United States,Americas,175,356,18,226,44,13,100,613,129,31,116,13,31,29
Chip Kidd,1711049,Reading,United States,Americas,396,7,18,53,28,61,190,191,148,94,66,4,26,134
Latif Nasser,1531606,Mississauga,Canada,Americas,14,69,21,297,28,48,369,383,188,9,38,14,12,105
Marlene Zuk,1441565,Philadelphia,United States,Americas,334,6,7,63,19,26,322,75,187,22,36,13,13,97
Alaa Murabit,2312512,Saskatoon,Canada,Americas,51,537,21,507,98,21,336,700,162,27,185,9,36,57
Christopher Soghoian,1266485,San Francisco,United States,Americas,16,55,16,7,94,36,470,23,63,9,127,28,13,134
Dustin Yellin,1671043,Los Angeles,United States,Americas,170,7,45,169,36,14,37,147,293,104,9,26,26,96
Seth Berkley,990084,New York,United States,Americas,5,38,1,7,9,3,236,37,21,10,73,9,2,46
Robin Murphy,983682,Mobile,United States,Americas,13,9,6,8,17,7,183,31,91,42,36,8,14,64
Wendy Freedman,1272185,Old Toronto,Canada,Americas,9,4,0,67,4,8,264,162,237,24,18,39,1,43
Jim Simons,1705702,Pittsburgh,United States,Americas,13,15,17,18,10,34,193,246,168,43,23,10,5,74
Barry Schwartz,2527133,Philadelphia,United States,Americas,38,70,51,73,135,38,392,526,215,67,287,17,18,218
Billie Jean King,947562,Long Beach,United States,Americas,47,61,0,12,1,1,29,111,22,7,20,1,7,22
David Rothkopf,1215662,Urbana,United States,Americas,16,75,10,19,44,9,310,162,96,21,228,26,13,92
Jennifer Doudna,1936760,Washington D.C,United States,Americas,5,78,15,103,15,18,583,155,453,148,145,183,12,52
Christine Sun Kim,1242903,Santa Ana,United States,Americas,84,69,7,383,0,6,183,344,207,37,28,21,0,17
Daniel Levitin,9163813,San Francisco,United States,Americas,115,64,76,341,194,100,1175,365,290,109,359,40,34,479
Kaki King,1365169,Atlanta,United States,Americas,16,3,9,317,36,16,9,143,147,64,3,44,13,81
Chelsea Shields,1452861,Provo,United States,Americas,7,228,43,116,134,42,141,232,50,21,101,22,60,50
Josh Luber,1799799,Philadelphia,United States,Americas,221,13,8,21,31,15,394,54,319,96,50,62,31,45
Carl Safina,1976994,New York,United States,Americas,43,110,24,889,26,23,596,744,537,36,515,95,18,56
Raymond Wang,1690995,Vancouver,Canada,Americas,7,15,4,5,19,7,359,173,134,285,100,23,8,62
Paul Greenberg,1488694,New York,United States,Americas,17,27,3,6,14,9,478,159,163,22,232,22,2,32
Lucianne Walkowicz,2004123,New York,United States,Americas,46,75,43,106,39,13,347,370,267,76,292,35,9,102
Jane Fonda and Lily Tomlin,2269844,Detroit,United States,Americas,367,122,18,275,26,22,121,477,64,12,51,4,25,57
Robert Waldinger,16601927,Omaha,United States,Americas,140,368,25,3825,130,119,2868,8590,2564,217,1661,259,31,251
Jill Heinerth,1468644,Old Toronto,Canada,Americas,16,67,0,138,11,17,222,93,271,13,18,60,12,50
Yanis Varoufakis,2269380,Athens-Clarke County Unified Government,United States,Americas,22,348,64,130,108,25,644,447,382,128,353,39,33,31
Matthew Williams,1074684,Los Angeles,United States,Americas,2,281,1,108,6,8,124,379,30,4,64,16,2,16
Dorothy Roberts,1008812,Chicago,United States,Americas,3,45,18,20,81,24,248,84,52,9,93,25,47,40
Shonda Rhimes,3148366,Chicago,United States,Americas,234,573,43,1121,64,127,199,2010,359,88,300,101,95,126
Allan Adams,2233265,Bogota,Colombia,Americas,20,34,43,175,35,40,472,299,531,91,28,98,20,83
Al Gore,1624248,Washington D.C,United States,Americas,18,234,12,233,50,22,719,956,176,34,496,101,34,17
Ivan Coyote,1546530,Whitehorse,Canada,Americas,48,374,39,278,137,27,177,317,26,16,233,24,77,77
Russ Altman,1587090,New York,United States,Americas,33,12,7,36,11,8,581,105,241,146,123,18,8,42
Travis Kalanick,1587546,Los Angeles,United States,Americas,29,31,10,14,53,13,320,190,160,100,106,21,40,66
Laura Robinson,1487112,Kingston,Canada,Americas,4,5,14,139,0,9,164,41,84,9,4,8,1,45
Joe Gebbia,2019969,Atlanta,United States,Americas,115,100,3,112,17,13,321,665,374,135,144,22,18,42
Tim Urban,14745406,Tacoma,United States,Americas,7445,1026,22,722,65,53,2349,4387,1864,1957,1770,326,43,280
Latif Nasser,2272081,Mississauga,Canada,Americas,623,18,9,87,27,31,509,198,519,94,62,158,21,56
Alex Kipman,2224913,Curitiba,Brazil,Americas,20,9,19,148,50,51,254,270,517,155,18,343,35,66
Angélica Dass,1961502,Rio de Janeiro,Brazil,Americas,17,431,6,1024,8,15,268,822,198,120,97,64,9,86
Danielle Feinberg,2617414,Boulder,United States,Americas,120,85,14,965,15,6,324,873,584,134,48,92,16,63
Mary Norris,1060918,Cleveland,United States,Americas,172,4,3,60,9,4,156,31,66,24,26,2,8,61
Christiana Figueres,1031398,San José,Costa Rica,Americas,1,66,3,70,29,23,132,167,79,25,85,3,12,37
Joshua Prager,1531062,New York,United States,Americas,34,77,19,140,9,11,42,197,68,39,36,19,14,102
Dan Pallotta,1836233,Malden,United States,Americas,24,327,22,504,66,37,49,788,120,39,131,37,11,59
Monica Byrne,876021,Harrisburg,United States,Americas,11,19,33,205,37,38,7,56,152,66,8,42,23,40
Sanford Biggers,987388,Los Angeles,United States,Americas,4,134,1,151,22,10,65,182,54,65,65,28,28,24
Juno Mac,1811102,Halifax,Canada,Americas,12,600,14,75,62,23,572,248,87,17,387,59,25,52
Lidia Yuknavitch,2190919,San Francisco,United States,Americas,57,1255,18,1468,44,47,64,1641,207,56,150,82,25,105
Adam Driver,3016666,San Diego,United States,Americas,131,80,14,251,5,14,79,208,164,44,33,33,4,35
Sue Desmond-Hellmann,929167,Napa,United States,Americas,3,28,8,51,13,20,87,130,38,20,64,8,13,50
Norman Lear,1025698,New Haven,United States,Americas,59,34,8,110,2,8,29,128,56,7,6,13,0,23
Negin Farsad,1225718,New Haven,United States,Americas,520,231,32,29,59,19,126,110,79,138,89,11,86,71
Andrew Youn,1173235,New Orleans,United States,Americas,10,159,2,110,23,2,310,585,136,147,316,68,5,25
Chris Milk,811599,New York,United States,Americas,30,21,8,210,2,4,41,270,198,93,20,128,3,8
Blaise Agüera y Arcas,1413042,Providence,United States,Americas,11,11,13,135,3,6,250,149,341,160,21,136,3,5
Julia Galef,3210972,Silver Spring,United States,Americas,39,239,28,650,50,34,1600,1669,709,199,1080,57,15,302
John Legend,1538107,Springfield,United States,Americas,11,218,0,474,23,3,58,528,68,15,101,20,9,36
Adam Savage,1730653,New York,United States,Americas,473,85,3,451,2,4,111,416,330,96,62,71,4,50
Ed Boyden,1260112,Plano,United States,Americas,16,9,9,30,15,20,300,123,214,163,30,64,11,38
James Green,1465749,Boston,United States,Americas,19,17,4,56,3,7,383,123,342,39,74,123,9,31
Sarah Parcak,1027539,Bangor,United States,Americas,16,22,10,35,24,10,140,179,228,75,13,28,3,39
Don Tapscott,2110218,Old Toronto,Canada,Americas,15,56,28,44,23,6,1329,589,737,244,324,153,10,60
Vanessa Ruiz,1257468,San Juan,United States,Americas,14,23,2,283,14,23,187,137,357,76,26,41,5,42
Julia Bacha,811955,Rio de Janeiro,Brazil,Americas,3,101,5,117,20,9,156,219,48,15,133,9,6,24
Christopher Bell,1026017,Chicago,United States,Americas,245,384,4,142,20,3,490,827,202,110,446,126,17,51
Courtney E. Martin,1404984,Colorado Springs,United States,Americas,8,175,17,276,52,25,141,438,69,44,145,10,21,55
Franz Freudenthal,1226441,La Paz,Bolivia,Americas,1,43,3,166,4,2,142,235,160,208,14,52,3,28
Michael Murphy,1162011,Los Angeles,United States,Americas,6,133,1,392,3,5,173,714,256,135,100,86,5,18
Eric Liu,793098,Edmonton,Canada,Americas,7,27,4,12,47,15,87,174,17,20,106,1,6,50
Rebecca MacKinnon,1053126,Berkeley,United States,Americas,7,117,5,15,17,5,177,110,24,9,97,7,4,33
J.D. Vance,1077686,Middletown,United States,Americas,7,278,2,96,10,12,357,407,52,19,211,22,7,38
Sam Harris,2592561,Los Angeles,United States,Americas,109,146,10,47,64,16,813,202,523,114,516,209,10,58
Isaac Lidsky,2561564,Miami,United States,Americas,78,1093,7,718,23,10,606,3442,853,217,674,355,1,34
Rainn Wilson,792297,Seattle,United States,Americas,374,10,20,47,19,3,24,51,26,78,16,14,12,32
John McWhorter,2173228,Philadelphia,United States,Americas,138,46,24,369,38,18,514,583,255,65,377,35,11,148
Melissa Walker,827933,Edmonton,Canada,Americas,6,60,1,152,5,2,174,184,112,43,46,24,1,7
Christopher Soghoian,1307805,San Francisco,United States,Americas,25,123,46,36,355,35,605,68,77,24,186,40,72,83
Jonathan Haidt,1515162,New York,United States,Americas,9,117,29,33,41,18,452,334,169,34,234,10,14,46
Chinaka Hodge,1119309,Oakland,United States,Americas,16,309,25,230,27,7,25,391,54,19,67,119,32,27
Sam Kass,1345520,Chicago,United States,Americas,6,30,2,95,7,5,442,256,64,45,193,37,1,29
Dan Bricklin,992523,Philadelphia,United States,Americas,57,31,4,40,0,9,266,348,213,177,30,27,4,18
Alejandro Sánchez Alvarado,1059199,Caracas,Venezuela,Americas,21,20,3,118,1,10,187,254,187,43,70,38,0,17
Ashley Judd,1422701,Los Angeles,United States,Americas,47,756,53,236,126,27,332,594,123,49,235,124,202,34
Deepika Kurup,958917,Nashua,United States,Americas,11,68,3,36,6,1,172,229,70,98,35,14,5,27
Sarah Parcak,799873,Bangor,United States,Americas,19,24,3,24,2,9,134,183,127,64,50,17,1,22
Eduardo Briceño,2031509,Valera,Venezuela,Americas,27,300,5,164,26,16,1252,1910,470,247,916,79,3,68
Sue Klebold,2359347,Columbus,United States,Americas,14,1145,10,289,25,10,370,415,112,6,131,78,14,35
Joshua Smith,893022,Seattle,United States,Americas,4,41,1,76,5,5,184,128,121,72,29,41,2,15
Grady Booch,1362265,Amarillo,United States,Americas,62,65,12,48,99,12,219,251,136,47,89,12,10,22
Ani Liu,760537,New York,United States,Americas,70,14,10,36,12,3,68,48,80,58,6,6,2,7
Sara Ramirez,804359,Mazatlán,Mexico,Americas,12,13,3,143,0,0,1,35,21,2,2,25,3,19
Megan Phelps-Roper,4503368,Topeka,United States,Americas,12,1188,10,449,29,13,482,1182,172,24,639,54,13,30
Caroline Paul,1465808,New York,United States,Americas,173,396,3,116,7,2,201,711,180,32,255,27,7,24
Joy Buolamwini,869310,Edmonton,Canada,Americas,4,55,0,16,22,13,198,90,64,34,81,27,23,33
John Koenig,1173364,Tacoma,United States,Americas,89,36,11,225,12,2,136,232,183,116,42,23,6,33
Caitlin Doughty,933978,Waipahu,United States,Americas,16,87,2,102,4,4,191,107,109,58,124,14,8,17
Peggy Orenstein,1750573,Minneapolis,United States,Americas,27,332,7,229,28,5,588,389,232,24,208,48,26,17
Michael Botticelli,1247655,Boston,United States,Americas,1,178,5,26,12,1,134,152,18,6,70,7,9,23
Sō Percussion,767660,Cincinnati,United States,Americas,1,1,1,16,8,8,1,3,13,6,1,3,0,14
Deborah Lipstadt,918385,New York,United States,Americas,10,220,5,33,21,5,225,248,75,14,199,24,15,14
Carolyn Jones,1079349,Vancouver,Canada,Americas,5,63,0,255,0,0,45,222,54,4,27,9,0,9
Robert Sapolsky,1158707,New York,United States,Americas,4,48,3,50,18,12,358,236,339,83,90,74,14,22
Jorge Drexler,626886,Montevideo,Uruguay,Americas,12,14,1,272,4,8,117,130,138,54,11,28,3,8
Ted Halstead,1022042,Chicago,United States,Americas,1,58,11,5,49,4,145,140,33,155,150,16,9,23
Anthony D. Romero,925733,New York,United States,Americas,12,138,10,54,66,12,121,200,111,60,105,29,64,14
Nina Fedoroff,841955,Cleveland,United States,Americas,0,13,3,6,26,4,177,23,55,27,56,6,4,11
 OK Go,1493866,Grand Prairie,United States,Americas,123,47,11,171,11,5,33,293,273,225,29,167,11,43
Rhiannon Giddens,946815,Greensboro,United States,Americas,5,11,3,151,0,0,13,63,43,3,9,24,9,0
Michael Bierut,1323235,Cleveland,United States,Americas,111,17,1,61,13,3,50,174,53,47,12,5,3,33
Anne Lamott,1890978,San Francisco,United States,Americas,407,173,10,447,16,14,62,607,105,76,56,13,27,44
 Sofi Tukker,815611,Katueté,Paraguay,Americas,46,5,4,43,7,1,0,7,18,6,5,5,6,4
Jorge Ramos,383080,Montevideo,Uruguay,Americas,0,136,0,6,0,0,46,104,27,2,24,10,0,0
Noah Feldman,868290,Boston,United States,Americas,1,5,0,1,0,0,48,22,10,5,24,1,0,2
Susan Robinson,1026708,Cleveland,United States,Americas,65,34,0,27,0,0,15,73,15,13,20,5,0,3
Grace Kim,1363680,Los Angeles,United States,Americas,5,14,0,33,2,0,90,130,54,30,56,9,0,4
Titus Kaphar,890748,Kalamazoo,United States,Americas,18,76,0,28,7,0,33,94,47,34,24,17,1,3
Ingrid Betancourt,526794,Bogota,Colombia,Americas,0,227,15,67,0,0,20,213,56,7,20,52,0,6
Jack Conte,734095,San Francisco,United States,Americas,21,13,3,31,6,0,76,89,27,28,31,2,0,6
Richard J. Berry,748485,Waterloo,United States,Americas,4,24,1,28,5,0,51,112,15,39,46,7,14,1
Susan Pinker,1159426,Montreal,Canada,Americas,18,16,4,40,4,8,236,123,104,13,73,8,1,29
Carolyn Bertozzi,727807,Boston,United States,Americas,7,5,0,6,1,0,146,31,64,26,18,13,1,2
Ray Dalio,1070238,New York,United States,Americas,9,71,3,21,10,8,214,218,170,115,96,13,7,26
Tomás Saraceno,248411,San Miguel de Tucumán,Argentina,Americas,2,11,6,29,4,0,16,42,24,20,7,13,1,8
