main_speaker,views,city,country,continent,Funny,Beautiful,Ingenious,Courageous,Longwinded,Confusing,Informative,Fascinating,Unconvincing,Persuasive,Jaw-dropping,OK,Obnoxious,Inspiring
Ken Robinson,47227110,Liverpool,United Kingdom,Europe,19645,4573,6073,3253,387,242,7346,10581,300,10704,4439,1174,209,24924
Hans Rosling,12005869,Uppsala,Sweden,Europe,1390,942,3202,318,110,72,5433,4606,67,2542,3736,248,61,2893
Ross Lovegrove,1074081,Cardiff,United Kingdom,Europe,49,259,185,79,119,80,71,220,113,22,93,68,210,363
Aubrey de Grey,3277740,London,United Kingdom,Europe,215,65,297,350,215,206,536,812,309,1359,337,145,120,518
Bono,718649,Dublin,Ireland,Europe,26,68,22,104,41,12,80,51,30,145,39,24,33,294
Richard St. John,10841210,Limerick,Ireland,Europe,2966,576,638,457,27,43,1912,777,213,1433,251,685,57,4978
Martin Rees,2121177,York,United Kingdom,Europe,47,214,132,63,109,27,607,737,60,188,117,175,21,460
Jane Goodall,1663001,London,United Kingdom,Europe,36,441,35,289,70,28,387,432,30,285,107,63,27,944
Paul Bennett,761930,Leeds,United Kingdom,Europe,31,33,130,12,11,1,199,98,14,54,9,56,19,276
Nick Bostrom,762264,Helsingborg,Sweden,Europe,15,20,78,66,173,88,151,119,273,47,19,108,66,108
Frans Lanting,1697185,Rotterdam,Netherlands,Europe,18,1262,141,71,108,25,262,600,75,62,882,145,88,611
Eddi Reader,513672,Glasgow,United Kingdom,Europe,5,396,2,13,9,2,0,24,17,3,35,47,7,61
Eddi Reader,428351,Glasgow,United Kingdom,Europe,1,272,3,20,12,12,6,31,13,24,48,23,15,169
Chris Anderson,904520,City of Westminster,United Kingdom,Europe,11,8,33,8,39,19,334,100,17,51,15,85,12,55
Sergey Brin + Larry Page,1451846,Moscow,Russia,Europe,94,51,77,19,143,54,302,97,50,22,39,163,17,176
Hans Rosling,3243784,Uppsala,Sweden,Europe,1021,218,730,284,27,29,1544,1265,36,828,5137,74,21,1569
Theo Jansen,3982352,The Hague,Netherlands,Europe,214,631,1514,74,37,77,109,1289,67,30,2186,100,21,656
Richard Branson,1609555,London,United Kingdom,Europe,230,46,55,150,57,7,252,367,33,44,55,72,12,700
David Keith,876658,Glasgow,United Kingdom,Europe,30,14,184,262,57,43,680,300,129,1352,77,61,43,166
Philippe Starck,1783740,Paris,France,Europe,855,201,216,175,192,276,103,334,165,88,68,129,67,711
Paola Antonelli,585052,Sassari,Italy,Europe,9,59,29,12,68,27,138,82,43,41,7,83,20,111
Chris Anderson,324266,City of Westminster,United Kingdom,Europe,37,45,23,134,18,11,105,44,11,109,20,61,10,267
David Macaulay,700273,East Staffordshire,United Kingdom,Europe,92,210,109,11,124,46,71,120,27,13,44,96,16,102
Stephen Hawking,8655723,Oxford,United Kingdom,Europe,69,209,254,305,47,41,716,1070,86,199,304,141,48,775
Brian Cox,3074172,Dundee,United Kingdom,Europe,237,448,239,47,21,29,1276,1633,34,169,449,93,16,838
They Might Be Giants,362609,Cardiff,United Kingdom,Europe,143,23,59,13,32,35,3,31,19,0,16,64,81,21
Yves Behar,1109822,Lausanne,Switzerland,Europe,124,143,193,34,59,19,187,175,51,84,44,140,24,444
Susan Blackmore,735638,London,United Kingdom,Europe,48,45,253,136,89,118,405,652,313,248,197,121,68,186
Keith Barry,13327101,Waterford,Ireland,Europe,1819,208,803,206,79,273,137,2555,505,252,3715,336,161,267
David Griffin,1056435,High Peak,United Kingdom,Europe,120,500,26,40,26,4,189,408,15,73,126,84,19,487
Jane Goodall,556147,London,United Kingdom,Europe,18,161,16,98,20,11,143,81,14,152,36,42,10,381
David Perry,1084634,Ober-Mörlen,Germany,Europe,99,119,63,32,102,27,229,271,87,72,72,125,56,158
Paola Antonelli,313572,Sassari,Italy,Europe,32,54,62,13,48,18,106,145,34,23,17,69,21,91
Jackie Tabick,176245,Dublin,Ireland,Europe,0,28,3,7,30,7,11,8,20,21,2,14,13,45
Samantha Power,456095,London,United Kingdom,Europe,0,25,4,112,45,2,151,59,26,121,16,37,9,176
Eva Zeisel,438972,Budapest,Hungary,Europe,44,172,9,38,38,7,17,85,3,10,13,32,0,182
David Carson,774492,Rome,Italy,Europe,363,55,75,13,25,12,51,87,25,40,18,38,15,228
Tim Berners-Lee,1352069,London,United Kingdom,Europe,27,44,218,78,77,44,502,217,55,291,88,161,31,457
Sarah Jones,1607397,London,United Kingdom,Europe,511,206,182,55,45,10,17,158,12,16,132,47,20,139
Brian Cox,948459,Dundee,United Kingdom,Europe,20,32,31,19,9,4,427,153,9,47,33,70,7,129
Hans Rosling,904813,Uppsala,Sweden,Europe,68,20,115,36,7,21,491,247,9,258,96,42,8,147
Yves Behar,556657,Lausanne,Switzerland,Europe,30,28,44,3,6,8,34,26,53,6,16,93,12,35
Yann Arthus-Bertrand,751889,Paris,France,Europe,4,266,30,93,29,16,130,103,44,179,89,43,14,397
Richard St. John,3661633,Limerick,Ireland,Europe,307,101,90,177,12,14,315,128,59,346,20,240,15,1278
Daniel Libeskind,784642,Łódź,Poland,Europe,18,84,43,44,447,244,69,107,885,70,17,128,1361,262
Olafur Eliasson,522578,Copenhagen,Denmark,Europe,4,78,56,20,95,96,73,95,106,36,13,90,26,134
Alain de Botton,5790615,Zurich,Switzerland,Europe,1173,662,613,633,65,53,985,1393,70,1759,207,246,35,3458
Hans Rosling,1471039,Uppsala,Sweden,Europe,182,46,225,67,11,12,800,613,6,472,245,26,12,415
Natasha Tsakos,389813,Geneva,Switzerland,Europe,27,166,125,51,59,46,17,134,68,14,67,66,118,175
Steve Truglia,571893,London,United Kingdom,Europe,23,7,19,230,25,6,76,96,19,10,43,67,17,49
Lewis Pugh,689476,Plymouth,United Kingdom,Europe,17,36,8,342,14,0,33,91,22,50,208,17,25,328
Misha Glenny,891314,City of Westminster,United Kingdom,Europe,39,4,15,171,42,20,564,281,39,212,127,78,15,37
Bjarke Ingels,2129938,Copenhagen,Denmark,Europe,269,430,629,82,12,7,144,540,13,80,365,32,18,816
Oliver Sacks,4233352,London,United Kingdom,Europe,175,344,182,118,190,26,2032,2562,26,160,246,175,15,465
Imogen Heap,883282,London,United Kingdom,Europe,5,560,19,25,8,8,1,49,22,10,54,104,19,149
Evgeny Morozov,430276,Salihorsk,Belarus,Europe,15,0,19,48,28,31,163,55,115,114,14,62,17,30
Marc Koska,629018,Bournemouth,United Kingdom,Europe,0,27,493,59,2,4,297,55,28,177,103,26,5,172
Marcus du Sautoy,1010292,London,United Kingdom,Europe,34,116,130,3,76,65,262,322,31,39,32,97,12,116
Hans Rosling,1738069,Uppsala,Sweden,Europe,651,100,296,86,7,7,724,773,45,384,298,59,16,480
Shashi Tharoor,1437808,London,United Kingdom,Europe,102,278,163,166,31,6,591,743,27,464,374,82,21,1148
Rory  Bremner,1112000,City of Edinburgh,United Kingdom,Europe,517,15,28,14,57,29,26,25,60,11,19,129,48,6
Steven  Cowley,706235,Cambridge,United Kingdom,Europe,14,12,69,31,6,2,323,179,49,158,28,51,12,119
Bertrand Piccard,778978,Lausanne,Switzerland,Europe,10,59,83,186,43,10,64,184,21,146,53,53,23,604
Nick Veasey,1780196,City of Westminster,United Kingdom,Europe,63,309,113,19,58,8,97,249,26,6,55,107,35,84
Jamie Heywood,528451,London,United Kingdom,Europe,2,29,199,87,4,13,108,97,8,69,58,8,6,228
Peter Eigen,741625,Augsburg,Germany,Europe,5,21,21,494,56,9,387,77,23,293,96,65,9,349
Jamie Oliver,7638978,Uttlesford,United Kingdom,Europe,359,470,297,1547,99,69,2606,844,113,3316,1413,249,109,4779
David Cameron,656762,London,United Kingdom,Europe,15,21,39,69,56,28,233,88,241,272,25,109,60,286
Tim Berners-Lee,680486,London,United Kingdom,Europe,4,31,87,19,7,14,219,171,9,144,89,29,11,278
Gary Vaynerchuk,757791,Babruysk,Belarus,Europe,464,35,44,155,91,55,172,88,152,316,85,114,430,758
Mark Roth,708408,Daugavpils,Latvia,Europe,18,9,300,52,27,6,165,399,16,69,517,17,10,126
Douglas Adams,473220,Cambridge,United Kingdom,Europe,663,77,98,16,20,0,290,293,0,96,62,11,4,262
Stephen Wolfram,1542898,London,United Kingdom,Europe,14,91,596,94,68,129,334,781,96,101,476,73,74,403
Esther Duflo,876307,Paris,France,Europe,3,21,119,60,9,11,369,181,25,444,42,45,0,363
Simon Sinek,34309432,London,United Kingdom,Europe,390,1640,3413,1161,390,112,6600,7440,930,8845,2659,1341,294,21564
Thomas Dolby,577356,London,United Kingdom,Europe,9,177,13,7,9,8,3,21,26,5,17,80,22,48
Enric Sala,316507,Girona,Spain,Europe,6,33,20,17,13,5,168,86,8,195,46,16,6,138
Viktor Frankl,1028630,Vienna,Austria,Europe,264,346,182,178,8,13,253,303,12,455,124,59,13,1673
William Li,4149065,Manchester,United Kingdom,Europe,29,119,653,260,20,35,2364,1576,69,1771,968,170,27,1712
Graham Hill,2108816,London,United Kingdom,Europe,138,47,242,109,30,18,455,115,204,975,29,438,88,780
Ken Robinson,7266316,Liverpool,United Kingdom,Europe,3000,1248,1116,885,71,34,1237,2199,83,2876,865,208,38,7631
Sophie Hunger,518461,Bern,Switzerland,Europe,4,206,9,9,15,4,1,50,13,4,57,37,19,70
Brian Cox,1616851,Dundee,United Kingdom,Europe,16,509,34,42,30,14,240,436,34,294,121,69,15,833
Aditi Shankardass,957087,London,United Kingdom,Europe,2,65,224,69,12,10,551,366,48,309,456,46,10,445
Benoit Mandelbrot,1212079,Warsaw,Poland,Europe,66,319,225,7,69,107,241,482,16,45,88,84,2,220
Hans Rosling,2934262,Uppsala,Sweden,Europe,187,111,339,74,18,30,1167,766,88,866,156,134,22,679
Elif Shafak,1763449,Strasbourg,France,Europe,77,1293,194,496,80,28,336,980,73,437,204,192,32,2251
John Delaney,332099,Waterford,Ireland,Europe,0,31,60,8,58,10,116,121,18,28,71,40,18,80
Lewis Pugh,1029186,Plymouth,United Kingdom,Europe,11,70,20,413,11,2,71,146,41,170,128,61,42,536
Carne Ross,343532,London,United Kingdom,Europe,5,7,31,163,40,12,103,95,17,81,23,18,17,210
Chris Anderson,1306536,City of Westminster,United Kingdom,Europe,14,174,146,96,41,13,309,381,24,431,149,88,8,1193
Jessa Gamble,2244295,Oxford,United Kingdom,Europe,11,24,29,11,30,117,907,395,329,156,25,607,21,133
Christien Meindertsma,1157394,Utrecht,Netherlands,Europe,128,44,77,20,13,14,605,367,7,37,86,69,8,59
Annie Lennox,484254,Aberdeen City,United Kingdom,Europe,3,43,0,96,11,3,60,12,17,56,25,36,10,191
Tim Birkhead,112321,Leeds,United Kingdom,Europe,144,46,19,6,17,6,165,141,3,15,13,31,1,50
Tim Jackson,899942,City of Westminster,United Kingdom,Europe,10,49,81,191,79,42,385,186,135,440,72,77,32,631
Hans Rosling,738895,Uppsala,Sweden,Europe,167,42,116,75,7,8,554,330,17,535,135,32,4,471
Peter Haas,317127,Erlangen,Germany,Europe,0,6,39,25,13,1,229,26,4,123,13,58,6,80
Andrew Bird,1231423,City of Westminster,United Kingdom,Europe,18,541,187,34,31,13,5,212,26,4,148,63,15,261
Stefan Wolff,307628,Hamburg,Germany,Europe,0,3,1,11,75,11,90,10,53,36,2,42,13,41
Conrad Wolfram,1499219,Oxford,United Kingdom,Europe,55,49,296,160,96,27,522,270,127,828,69,147,32,715
John Hardy,960523,London,United Kingdom,Europe,11,399,218,156,11,11,100,262,49,91,98,47,27,722
Marcel Dicke,1393541,Dordrecht,Netherlands,Europe,111,19,70,70,16,15,279,164,37,342,83,59,28,123
Halla Tómasdóttir,588691,Reykjavik,Iceland,Europe,55,72,48,205,10,12,132,79,56,262,44,34,27,447
Ken Robinson,1854997,Liverpool,United Kingdom,Europe,574,280,893,330,22,27,1460,1364,41,1452,634,118,34,1803
Arianna Huffington,4241096,Athens,Greece,Europe,1103,147,163,216,57,76,374,126,527,560,47,540,304,666
Madeleine Albright,729867,Prague,Czech Republic,Europe,215,68,22,175,12,4,121,126,15,137,38,28,32,507
Noreena Hertz,880598,London,United Kingdom,Europe,3,45,47,211,179,30,325,109,273,356,27,138,100,282
Hans Rosling,2391977,Uppsala,Sweden,Europe,869,195,457,122,21,25,692,506,26,750,124,84,19,826
Sebastian Thrun,2442977,Solingen,Germany,Europe,15,50,368,62,11,12,248,367,53,203,351,131,15,381
Jackson Browne,656851,Heidelberg,Germany,Europe,4,131,10,16,7,2,16,16,13,42,10,61,15,130
Marcin Jakubowski,1479352,Poznań,Poland,Europe,12,65,1086,250,6,3,338,411,12,323,353,41,2,1152
Carlo Ratti,657251,Turin,Italy,Europe,12,133,235,9,27,28,104,234,57,18,82,67,21,164
Thomas Heatherwick,1586547,London,United Kingdom,Europe,54,548,557,64,15,8,92,445,6,43,290,33,3,597
Malcolm McLaren,251313,London,United Kingdom,Europe,43,25,35,62,106,25,51,80,51,61,29,36,57,164
Daniel Tammet,1751030,London,United Kingdom,Europe,6,261,149,96,67,80,402,807,152,74,90,207,28,399
Rajesh Rao,1190085,London,United Kingdom,Europe,10,44,227,29,17,5,518,641,19,93,72,40,4,190
Maajid Nawaz,703559,Southend-on-Sea,United Kingdom,Europe,5,21,57,208,21,25,266,135,42,281,33,42,8,253
Thandie Newton,2462734,London,United Kingdom,Europe,24,1698,138,1000,121,92,242,499,111,325,247,135,60,2203
Markus Fischer,6264902,Zurich,Switzerland,Europe,110,630,1333,59,24,16,260,1197,20,73,1487,119,13,721
Rory Stewart,659276,London,United Kingdom,Europe,4,11,38,210,14,9,316,113,48,521,50,20,14,181
Jeremy Gilley,842057,Southampton,United Kingdom,Europe,11,118,71,331,51,6,75,95,43,288,119,30,20,777
Marco Tempest,5447236,Zurich,Switzerland,Europe,527,1419,1102,37,41,35,116,1646,100,116,1324,226,40,574
Svante Pääbo,1399333,Stockholm,Sweden,Europe,2,24,56,15,35,14,405,411,21,105,66,56,9,65
Lee Cronin,693722,Dublin,Ireland,Europe,4,19,172,42,100,64,196,298,156,58,80,84,29,106
Misha Glenny,1264969,City of Westminster,United Kingdom,Europe,57,24,79,94,49,8,439,328,56,331,67,62,16,134
Niall Ferguson,1564173,Glasgow,United Kingdom,Europe,65,33,140,52,70,42,728,556,205,527,135,84,148,169
Jarreth Merz,399332,Zurich,Switzerland,Europe,1,37,6,51,2,4,70,16,15,39,5,29,11,149
Ben Goldacre,2204314,London,United Kingdom,Europe,509,28,128,393,26,32,1535,583,33,1069,243,60,28,260
Graham Hill,3729820,London,United Kingdom,Europe,91,125,350,134,33,31,559,355,194,1061,47,392,45,1475
Charles Hazlewood,502832,Reigate and Banstead,United Kingdom,Europe,18,170,27,17,8,5,34,80,16,35,15,28,9,153
Béatrice Coron,933319,Chambéry,France,Europe,25,315,123,6,39,4,22,224,6,17,76,38,5,259
Marco Tempest,1042789,Zurich,Switzerland,Europe,467,174,258,7,22,7,13,257,54,3,137,117,32,83
Michael Nielsen,138812,Roskilde,Denmark,Europe,12,16,39,63,40,4,104,46,50,170,24,37,0,162
Srdja Popovic,276132,Stari Grad Urban Municipality,Serbia,Europe,12,6,18,91,13,17,139,42,31,112,19,64,8,169
Monika Bulaj,550740,Warsaw,Poland,Europe,0,245,8,342,2,14,109,101,23,59,80,38,3,288
Antonio Damasio,1692225,Lisbon,Portugal,Europe,10,53,94,18,149,69,740,605,89,180,68,120,22,201
Alberto Cairo,802688,A Coruña,Spain,Europe,22,399,30,496,10,2,63,147,8,107,108,20,4,1001
Jonas Gahr Støre,338346,Oslo,Norway,Europe,0,6,10,66,23,7,98,23,11,206,6,25,3,163
Alain de Botton,2203020,Zurich,Switzerland,Europe,258,217,474,519,68,36,432,685,322,1070,104,120,101,1302
Julian Baggini,1005287,Folkestone and Hythe District,United Kingdom,Europe,33,135,123,62,72,52,408,534,132,362,51,215,18,745
Bjarke Ingels,422460,Copenhagen,Denmark,Europe,96,273,522,67,9,8,103,316,7,100,258,31,30,576
Peter van Uhm,1818344,Nijmegen,Netherlands,Europe,17,124,63,667,62,21,343,257,217,834,122,148,45,923
Neil MacGregor,983994,Glasgow,United Kingdom,Europe,13,111,35,74,46,22,563,645,17,147,114,83,21,424
Daniel Pauly,224768,Paris,France,Europe,7,6,10,10,5,3,110,16,3,84,9,18,1,34
Marco Tempest,1394503,Zurich,Switzerland,Europe,190,342,277,11,29,17,87,511,60,38,239,98,21,230
Lucy McRae,1565486,City of Westminster,United Kingdom,Europe,112,178,156,55,32,106,63,236,368,14,76,210,209,157
Frank Warren,3055565,Birmingham,United Kingdom,Europe,350,1185,298,175,13,2,42,420,17,31,89,51,21,1062
Frans de Waal,3578701,'s-Hertogenbosch,Netherlands,Europe,1173,214,249,35,17,28,1279,1779,20,500,258,74,10,596
JP Rangaswami,655406,London,United Kingdom,Europe,110,31,145,10,20,19,201,178,55,150,13,85,8,168
Hans Rosling,2138419,Uppsala,Sweden,Europe,170,100,411,41,13,18,1178,861,34,686,266,62,6,243
Reggie Watts,9315931,Stuttgart,Germany,Europe,1167,199,669,65,46,225,19,490,54,25,402,95,72,218
Diane Kelly,3886045,Lincoln,United Kingdom,Europe,276,32,147,186,54,21,971,531,36,81,63,191,17,118
Beeban Kidron,765840,Tirana,Albania,Europe,1,103,24,19,27,5,64,89,9,106,25,51,5,249
Marco Tempest,1721411,Zurich,Switzerland,Europe,94,746,354,20,15,13,345,588,27,31,312,90,22,383
Neil Harbisson,2468887,Mataró,Spain,Europe,418,396,434,137,11,18,252,1210,35,46,739,103,12,581
Ivan Krastev,640604,Sliven,Bulgaria,Europe,11,7,63,86,17,18,196,125,26,267,36,34,3,95
Jon Ronson,10167161,Cardiff,United Kingdom,Europe,580,170,259,227,86,70,684,1417,121,356,283,151,52,221
Antony Gormley,464213,City of Westminster,United Kingdom,Europe,2,57,14,0,28,17,5,50,26,6,6,29,12,68
Tristram Stuart,1471114,City of Westminster,United Kingdom,Europe,28,25,37,101,4,7,559,164,18,417,112,32,2,406
Sarah-Jayne Blakemore,2246203,Cambridge,United Kingdom,Europe,51,58,56,18,39,32,978,489,31,191,30,118,26,187
Ben Goldacre,2228138,London,United Kingdom,Europe,20,8,39,431,18,4,1126,211,15,831,485,46,5,125
Maurizio Seracini,725173,Florence,Italy,Europe,5,33,66,2,18,13,105,135,6,10,26,27,4,43
Marco Tempest,1965808,Zurich,Switzerland,Europe,222,150,242,10,14,11,22,456,60,13,552,88,26,53
Rory Stewart,852344,London,United Kingdom,Europe,6,7,15,67,44,10,123,38,86,181,12,63,20,140
Ellen 't Hoen,389194,Heerlen,Netherlands,Europe,0,8,13,4,10,8,74,8,32,42,4,16,4,24
Sue Austin,2052286,Birmingham,United Kingdom,Europe,15,341,76,283,7,10,30,212,14,36,188,52,10,589
Andy Puddicombe,8033595,Bristol,United Kingdom,Europe,410,561,197,134,79,48,1404,829,112,1228,73,384,13,3410
Cameron Russell,19787465,Cambridge,United Kingdom,Europe,302,924,101,2306,92,124,986,632,231,497,119,612,77,1617
Lee Cronin,987709,Dublin,Ireland,Europe,6,8,124,8,1,21,84,154,96,8,50,38,8,48
Edi Rama,595537,Tirana,Albania,Europe,11,90,89,95,11,12,72,82,25,87,28,13,6,303
Esther Perel,10524043,Antwerp,Belgium,Europe,1068,588,438,389,73,63,2253,2146,73,1205,270,174,37,2008
Andreas Schleicher,699088,Hamburg,Germany,Europe,13,5,25,23,12,4,280,77,24,170,13,30,8,119
Bono,1648677,Dublin,Ireland,Europe,35,92,6,84,30,13,215,80,39,183,47,34,45,444
Kees Moeliker,1306390,Rotterdam,Netherlands,Europe,771,19,42,36,21,41,186,162,31,18,38,75,62,31
Rose George,1624716,Kirklees,United Kingdom,Europe,182,27,38,123,8,8,506,141,10,316,70,32,14,200
BLACK,7373875,Liverpool,United Kingdom,Europe,57,533,69,114,36,10,5,410,36,16,625,122,28,514
Ken Robinson,6657858,Liverpool,United Kingdom,Europe,1541,419,559,385,14,8,1233,911,24,1434,252,72,16,3018
Paola Antonelli,934335,Sassari,Italy,Europe,101,32,36,49,12,4,81,87,24,64,7,28,14,69
Lisa Bu,3158067,Berlin,Germany,Europe,193,666,63,279,19,26,209,462,51,211,21,237,13,1373
Raffaello D'Andrea,10281817,Pordenone,Italy,Europe,138,205,932,33,3,9,325,1183,21,47,1237,75,18,551
Didier Sornette,1361404,Paris,France,Europe,1,11,58,24,18,35,222,129,75,148,21,38,14,68
Pico Iyer,3035515,Oxford,United Kingdom,Europe,35,785,43,74,35,12,116,515,23,199,52,103,16,1254
Beardyman,2067955,City of Westminster,United Kingdom,Europe,140,88,207,9,10,16,38,298,36,7,197,56,19,100
George Monbiot,887823,London,United Kingdom,Europe,15,107,42,36,16,4,243,325,25,199,63,12,8,381
Jason Pontin,1507409,City of Westminster,United Kingdom,Europe,4,28,18,48,26,30,171,53,75,140,8,106,15,162
Amanda Bennett,986726,Cambridge,United Kingdom,Europe,8,152,12,169,25,7,19,29,28,32,7,45,6,214
Charles Robertson,1204089,Dublin,Ireland,Europe,3,12,14,13,9,7,180,66,56,97,11,58,12,95
Gian Giudice,1644420,Padua,Italy,Europe,14,63,59,7,18,29,318,443,12,43,108,58,4,84
Mariana Mazzucato,816687,Rome,Italy,Europe,11,21,37,61,41,32,261,121,141,281,27,53,36,109
Grégoire Courtine,926295,Dijon,France,Europe,0,50,186,51,5,3,82,245,9,29,241,18,18,316
David Steindl-Rast,5893321,Vienna,Austria,Europe,27,1732,101,211,111,19,219,418,69,662,62,168,22,3065
Rose George,1430350,Kirklees,United Kingdom,Europe,19,14,20,36,40,16,515,168,25,84,22,114,11,74
Roger Stein,904210,Zurich,Switzerland,Europe,13,9,808,43,2,4,190,117,10,368,46,20,2,112
David Puttnam,871453,London,United Kingdom,Europe,6,20,32,81,26,17,251,66,35,263,10,31,6,206
Christopher Ryan,1981978,London,United Kingdom,Europe,226,95,87,288,17,28,798,505,101,498,59,87,28,246
Matthew Carter,1112914,City of Westminster,United Kingdom,Europe,21,59,60,9,56,15,376,138,19,8,5,123,8,84
Sarah Jones,1506064,London,United Kingdom,Europe,483,141,141,82,73,43,32,101,38,9,48,121,60,135
Marco Tempest,1785193,Zurich,Switzerland,Europe,518,87,147,14,29,31,79,182,123,23,67,189,49,83
Mark Ronson,3061003,London,United Kingdom,Europe,167,309,158,14,43,24,211,279,53,42,32,129,31,238
Simon Sinek,6803938,London,United Kingdom,Europe,50,1149,645,789,45,20,1825,1293,81,1734,154,190,24,8569
Kwame Anthony Appiah,1569284,London,United Kingdom,Europe,79,20,65,31,121,172,169,109,329,75,5,133,35,38
Tim Berners-Lee,1054600,London,United Kingdom,Europe,10,7,17,23,14,32,174,38,29,44,6,132,18,129
Ziyah Gafić,1000194,Sarajevo,Bosnia and Herzegovina,Europe,9,60,11,52,14,5,113,56,17,18,14,94,7,73
Martin Rees,1219295,York,United Kingdom,Europe,13,24,39,42,29,19,257,142,68,133,10,137,11,150
Colin Grant,877106,North Hertfordshire,United Kingdom,Europe,35,105,8,160,32,26,31,47,11,6,6,40,4,75
Andrew Connolly,1223720,Dublin,Ireland,Europe,4,75,21,7,22,9,275,199,8,24,34,40,2,146
Lord Nicholas Stern,773801,London,United Kingdom,Europe,5,51,17,27,49,1,230,29,8,205,11,34,3,200
Daria van den Bercken,903111,Utrecht,Netherlands,Europe,18,573,39,41,1,0,21,153,2,24,54,45,8,243
Fabien Cousteau,1215053,Paris,France,Europe,11,237,22,37,12,3,155,252,22,28,29,97,6,183
Frans Lanting,1439341,Rotterdam,Netherlands,Europe,13,588,15,12,6,8,54,187,30,49,21,55,9,303
Debra Jarvis,970703,Leicester,United Kingdom,Europe,40,196,20,178,45,8,66,44,9,113,4,66,9,326
Pico Iyer,2649262,Oxford,United Kingdom,Europe,15,903,62,70,73,18,207,361,43,429,17,142,15,1523
Aakash Odedra,817014,Birmingham,United Kingdom,Europe,5,423,56,17,57,31,1,105,38,6,50,92,26,89
Jeremy Howard,2183690,City of Westminster,United Kingdom,Europe,14,61,144,11,27,17,748,652,26,163,365,60,9,191
Cristina Domenech,687808,Málaga,Spain,Europe,3,311,10,118,6,1,17,62,7,19,14,16,3,291
Harry Baker,1369263,London,United Kingdom,Europe,403,528,189,40,7,11,7,214,2,8,97,33,16,309
Sangu Delle,955623,London,United Kingdom,Europe,23,70,22,50,2,5,106,21,26,68,7,37,4,86
Vincent Cochetel,1161560,Tours,France,Europe,6,136,1,624,3,5,168,214,3,89,127,26,12,471
Dame Stephanie Shirley,1919991,Dortmund,Germany,Europe,426,544,30,529,13,14,144,385,5,94,51,56,5,1417
Alison Killing,1231198,Newcastle upon Tyne,United Kingdom,Europe,15,93,43,46,5,9,226,142,23,98,7,142,6,198
Eduardo Sáenz de Cabezón,1610293,Logroño,Spain,Europe,701,195,316,8,4,16,349,318,7,96,28,77,2,336
Nizar Ibrahim,931845,Berlin,Germany,Europe,4,31,7,11,4,1,228,117,7,9,17,55,0,57
Nick Bostrom,2832581,Helsingborg,Sweden,Europe,25,26,114,142,63,45,680,369,71,216,96,129,13,310
Esther Perel,8218896,Antwerp,Belgium,Europe,310,426,359,761,40,33,2479,2199,62,877,361,141,21,1760
Sarah Jones,1531675,London,United Kingdom,Europe,427,96,306,85,29,16,106,158,27,48,46,88,12,85
Dame Ellen MacArthur,1566602,Amber Valley,United Kingdom,Europe,3,129,115,276,18,4,373,239,31,214,67,40,2,703
Jimmy Carter,1388335,Birmingham,United Kingdom,Europe,21,258,6,465,19,9,688,96,16,417,102,58,16,556
Johann Hari,7841509,Glasgow,United Kingdom,Europe,131,2247,488,1112,94,21,3734,1849,106,1897,497,167,15,4219
Jon Ronson,2603397,Cardiff,United Kingdom,Europe,33,48,16,291,7,5,341,294,35,250,70,34,7,182
Manuel Lima,1710873,Ribeira Grande,Portugal,Europe,18,208,102,4,66,24,378,284,56,47,17,200,9,181
Jamie Bartlett,2061368,City of Westminster,United Kingdom,Europe,170,39,115,73,8,20,1057,601,13,151,163,48,3,104
Robin Morgan,1004539,London,United Kingdom,Europe,14,245,3,91,6,5,9,26,1,4,15,28,4,109
Taiye Selasi,2141928,City of Westminster,United Kingdom,Europe,14,504,248,114,32,26,338,388,30,273,39,66,13,1128
Andreas Ekström,1396735,Bergen,Norway,Europe,13,19,51,92,13,10,463,147,20,187,41,46,20,144
Ann Morgan,1446267,London,United Kingdom,Europe,26,178,66,37,18,11,212,234,5,122,12,71,16,548
Guillaume Néry,857839,Nice,France,Europe,7,195,9,84,6,6,121,261,2,11,78,46,5,220
Alison Killing,1453242,Newcastle upon Tyne,United Kingdom,Europe,69,24,16,17,12,23,224,61,12,18,6,86,6,12
António Guterres,1117165,Lisbon,Portugal,Europe,10,33,5,91,4,11,213,31,28,112,8,39,12,147
Ole Scheeren,2079266,Karlsruhe,Germany,Europe,10,256,212,36,12,9,174,390,17,40,32,44,6,342
David Gruber,1853424,Ostrava,Czech Republic,Europe,9,215,21,11,4,10,276,333,7,17,87,9,4,74
Auke Ijspeert,1805637,Geneva,Switzerland,Europe,13,31,94,14,6,7,167,120,2,16,34,49,7,71
Linda Liukas,1617536,Helsinki,Finland,Europe,129,331,66,69,38,31,139,190,42,63,14,89,27,501
Jocelyne Bloch,2152900,Geneva,Switzerland,Europe,10,59,172,44,6,12,444,448,1,35,117,47,4,218
Raffaello D'Andrea,2560359,Pordenone,Italy,Europe,26,278,319,26,16,8,468,676,9,25,366,98,8,318
Alexander Betts,823110,Bristol,United Kingdom,Europe,8,61,81,209,15,18,392,59,79,250,20,30,29,477
Arthur Brooks,1132964,East Suffolk,United Kingdom,Europe,23,39,29,99,19,16,163,61,82,150,14,60,24,354
Linus Torvalds,2399273,Helsinki,Finland,Europe,206,129,119,115,58,18,539,363,4,54,30,107,5,682
Astro Teller,2300106,Cambridge,United Kingdom,Europe,15,16,170,117,9,11,190,208,18,83,40,81,16,565
Chris Anderson,2952041,City of Westminster,United Kingdom,Europe,39,95,111,33,12,18,902,266,25,416,23,179,14,539
Alice Rawsthorn,914011,Manchester,United Kingdom,Europe,7,19,29,4,12,4,94,70,12,38,5,54,7,61
Andrew Pelling,1191591,Wolverhampton,United Kingdom,Europe,159,19,359,30,6,2,133,323,7,22,125,28,4,230
Brian Little,4235594,Newcastle upon Tyne,United Kingdom,Europe,1696,348,330,149,35,24,1274,1228,32,309,78,214,17,825
Alexander Betts,2432449,Bristol,United Kingdom,Europe,30,152,72,234,53,41,1283,245,298,709,55,119,146,1170
Martin Reeves,1677142,Birmingham,United Kingdom,Europe,16,36,143,23,19,6,393,156,12,167,23,56,4,281
Dave Brain,1311426,Hereford,United Kingdom,Europe,211,54,41,17,10,5,446,297,3,50,40,40,10,137
Pico Iyer,1477238,Oxford,United Kingdom,Europe,11,418,59,95,18,13,182,281,27,112,30,53,6,652
Ian Bremmer,851675,London,United Kingdom,Europe,41,6,17,24,13,12,142,67,47,106,10,55,34,60
Halla Tómasdóttir,877915,Reykjavik,Iceland,Europe,63,77,6,233,5,7,65,63,12,86,20,23,6,335
Bettina Warburg,1985742,Hamburg,Germany,Europe,15,120,62,35,53,39,479,203,127,112,25,112,5,193
Sandi Toksvig,799891,Copenhagen,Denmark,Europe,334,46,47,200,12,4,82,47,32,161,15,16,23,404
Danny Dorling,1384978,Oxford,United Kingdom,Europe,4,64,125,17,21,20,437,278,16,73,51,41,6,181
Deeyah Khan,1195885,Oslo,Norway,Europe,5,142,24,669,2,11,319,97,10,260,56,12,2,593
Alan Smith,1369939,Birmingham,United Kingdom,Europe,114,35,87,15,5,9,341,163,5,97,21,33,3,108
Maurice Conti,2759051,Turin,Italy,Europe,30,82,241,30,12,2,420,529,37,87,184,23,5,456
Jude Kelly,1086882,Liverpool,United Kingdom,Europe,56,67,17,86,5,8,68,54,12,114,14,44,10,259
 Silk Road Ensemble,640734,Paris,France,Europe,5,80,7,1,4,1,3,19,0,4,13,6,1,17
Siamak Hariri,1098436,Bonn,Germany,Europe,5,344,63,11,17,15,33,113,13,7,33,37,6,161
Sangu Delle,1460852,London,United Kingdom,Europe,10,197,8,358,6,0,217,56,4,118,22,22,0,403
Stuart Russell,1085138,Mole Valley,United Kingdom,Europe,76,6,49,4,3,3,153,82,15,44,9,26,3,60
Michael Patrick Lynch,1264166,Brighton,United Kingdom,Europe,5,40,55,59,8,9,256,129,7,176,8,37,4,188
David Miliband,1088768,City of Westminster,United Kingdom,Europe,4,41,9,106,2,10,93,26,25,100,6,11,4,179
Rabbi Lord Jonathan Sacks,1244502,London,United Kingdom,Europe,8,115,20,67,7,1,41,80,2,118,38,3,1,318
Françoise Mouly,839040,Paris,France,Europe,10,12,6,1,1,0,32,8,1,9,2,1,1,13
David Whyte,643011,City of Westminster,United Kingdom,Europe,9,142,18,30,13,2,5,49,1,8,8,7,6,152
Alexander Wagner,621431,Berlin,Germany,Europe,5,18,4,4,1,0,51,54,4,25,1,11,3,50
Helen Czerski,656791,Manchester,United Kingdom,Europe,39,12,19,8,29,12,91,52,10,26,3,14,3,60
